Date,Border,Monthly_Crossings,Year,Month,Month_Name
2000-01-01,Canada,5592983,2000,1,January
2000-01-01,Mexico,24241163,2000,1,January
2000-02-01,Canada,5752529,2000,2,February
2000-02-01,Mexico,23176028,2000,2,February
2000-03-01,Canada,7326993,2000,3,March
2000-03-01,Mexico,24986034,2000,3,March
2000-04-01,Canada,7741812,2000,4,April
2000-04-01,Mexico,24318901,2000,4,April
2000-05-01,Canada,8584388,2000,5,May
2000-05-01,Mexico,24839030,2000,5,May
2000-06-01,Canada,9029356,2000,6,June
2000-06-01,Mexico,22470533,2000,6,June
2000-07-01,Canada,11379153,2000,7,July
2000-07-01,Mexico,24907550,2000,7,July
2000-08-01,Canada,11098137,2000,8,August
2000-08-01,Mexico,24540445,2000,8,August
2000-09-01,Canada,8715485,2000,9,September
2000-09-01,Mexico,23738606,2000,9,September
2000-10-01,Canada,7702589,2000,10,October
2000-10-01,Mexico,23922305,2000,10,October
2000-11-01,Canada,6605953,2000,11,November
2000-11-01,Mexico,23683641,2000,11,November
2000-12-01,Canada,6247531,2000,12,December
2000-12-01,Mexico,25544128,2000,12,December
2001-01-01,Canada,6173222,2001,1,January
2001-01-01,Mexico,24652580,2001,1,January
2001-02-01,Canada,5297389,2001,2,February
2001-02-01,Mexico,23414606,2001,2,February
2001-03-01,Canada,6662449,2001,3,March
2001-03-01,Mexico,26216232,2001,3,March
2001-04-01,Canada,6360119,2001,4,April
2001-04-01,Mexico,24477885,2001,4,April
2001-05-01,Canada,6910195,2001,5,May
2001-05-01,Mexico,22264025,2001,5,May
2001-06-01,Canada,7911159,2001,6,June
2001-06-01,Mexico,21682263,2001,6,June
2001-07-01,Canada,10148174,2001,7,July
2001-07-01,Mexico,23264905,2001,7,July
2001-08-01,Canada,10405704,2001,8,August
2001-08-01,Mexico,22803746,2001,8,August
2001-09-01,Canada,6157786,2001,9,September
2001-09-01,Mexico,17400533,2001,9,September
2001-10-01,Canada,5002149,2001,10,October
2001-10-01,Mexico,17141717,2001,10,October
2001-11-01,Canada,4698393,2001,11,November
2001-11-01,Mexico,18347004,2001,11,November
2001-12-01,Canada,4707039,2001,12,December
2001-12-01,Mexico,22327361,2001,12,December
2002-01-01,Canada,4569517,2002,1,January
2002-01-01,Mexico,20530979,2002,1,January
2002-02-01,Canada,4520432,2002,2,February
2002-02-01,Mexico,19242211,2002,2,February
2002-03-01,Canada,5690811,2002,3,March
2002-03-01,Mexico,21752377,2002,3,March
2002-04-01,Canada,5575232,2002,4,April
2002-04-01,Mexico,20235972,2002,4,April
2002-05-01,Canada,6278795,2002,5,May
2002-05-01,Mexico,21283155,2002,5,May
2002-06-01,Canada,6854507,2002,6,June
2002-06-01,Mexico,20800866,2002,6,June
2002-07-01,Canada,8695872,2002,7,July
2002-07-01,Mexico,22099176,2002,7,July
2002-08-01,Canada,9282808,2002,8,August
2002-08-01,Mexico,22169438,2002,8,August
2002-09-01,Canada,6611741,2002,9,September
2002-09-01,Mexico,20366583,2002,9,September
2002-10-01,Canada,6086967,2002,10,October
2002-10-01,Mexico,20530330,2002,10,October
2002-11-01,Canada,5177955,2002,11,November
2002-11-01,Mexico,21030926,2002,11,November
2002-12-01,Canada,5194457,2002,12,December
2002-12-01,Mexico,23198222,2002,12,December
2003-01-01,Canada,4621096,2003,1,January
2003-01-01,Mexico,20782047,2003,1,January
2003-02-01,Canada,4305709,2003,2,February
2003-02-01,Mexico,18723299,2003,2,February
2003-03-01,Canada,5001023,2003,3,March
2003-03-01,Mexico,20837420,2003,3,March
2003-04-01,Canada,4324249,2003,4,April
2003-04-01,Mexico,19257519,2003,4,April
2003-05-01,Canada,5425087,2003,5,May
2003-05-01,Mexico,21313590,2003,5,May
2003-06-01,Canada,6238621,2003,6,June
2003-06-01,Mexico,20414957,2003,6,June
2003-07-01,Canada,7793325,2003,7,July
2003-07-01,Mexico,19515242,2003,7,July
2003-08-01,Canada,8264583,2003,8,August
2003-08-01,Mexico,20824470,2003,8,August
2003-09-01,Canada,5941722,2003,9,September
2003-09-01,Mexico,19440387,2003,9,September
2003-10-01,Canada,5517081,2003,10,October
2003-10-01,Mexico,20272917,2003,10,October
2003-11-01,Canada,4849395,2003,11,November
2003-11-01,Mexico,21751214,2003,11,November
2003-12-01,Canada,4810343,2003,12,December
2003-12-01,Mexico,22987179,2003,12,December
2004-01-01,Canada,4173178,2004,1,January
2004-01-01,Mexico,20236795,2004,1,January
2004-02-01,Canada,4442082,2004,2,February
2004-02-01,Mexico,19068952,2004,2,February
2004-03-01,Canada,5063684,2004,3,March
2004-03-01,Mexico,20979685,2004,3,March
2004-04-01,Canada,4989663,2004,4,April
2004-04-01,Mexico,20329561,2004,4,April
2004-05-01,Canada,5739603,2004,5,May
2004-05-01,Mexico,20788338,2004,5,May
2004-06-01,Canada,6304460,2004,6,June
2004-06-01,Mexico,19544903,2004,6,June
2004-07-01,Canada,8179235,2004,7,July
2004-07-01,Mexico,22130403,2004,7,July
2004-08-01,Canada,8188191,2004,8,August
2004-08-01,Mexico,20554852,2004,8,August
2004-09-01,Canada,5957577,2004,9,September
2004-09-01,Mexico,18246203,2004,9,September
2004-10-01,Canada,5613595,2004,10,October
2004-10-01,Mexico,19267311,2004,10,October
2004-11-01,Canada,4918527,2004,11,November
2004-11-01,Mexico,19469907,2004,11,November
2004-12-01,Canada,4646192,2004,12,December
2004-12-01,Mexico,21805113,2004,12,December
2005-01-01,Canada,4221667,2005,1,January
2005-01-01,Mexico,20011972,2005,1,January
2005-02-01,Canada,4273003,2005,2,February
2005-02-01,Mexico,18148126,2005,2,February
2005-03-01,Canada,5033744,2005,3,March
2005-03-01,Mexico,21321725,2005,3,March
2005-04-01,Canada,4967263,2005,4,April
2005-04-01,Mexico,19349961,2005,4,April
2005-05-01,Canada,5488230,2005,5,May
2005-05-01,Mexico,19939254,2005,5,May
2005-06-01,Canada,6133755,2005,6,June
2005-06-01,Mexico,19201113,2005,6,June
2005-07-01,Canada,8110501,2005,7,July
2005-07-01,Mexico,20573846,2005,7,July
2005-08-01,Canada,7878082,2005,8,August
2005-08-01,Mexico,19899401,2005,8,August
2005-09-01,Canada,5979303,2005,9,September
2005-09-01,Mexico,17750795,2005,9,September
2005-10-01,Canada,5505187,2005,10,October
2005-10-01,Mexico,18674157,2005,10,October
2005-11-01,Canada,4664180,2005,11,November
2005-11-01,Mexico,18669567,2005,11,November
2005-12-01,Canada,4950897,2005,12,December
2005-12-01,Mexico,21544755,2005,12,December
2006-01-01,Canada,4574766,2006,1,January
2006-01-01,Mexico,19548271,2006,1,January
2006-02-01,Canada,4172169,2006,2,February
2006-02-01,Mexico,17718266,2006,2,February
2006-03-01,Canada,5134096,2006,3,March
2006-03-01,Mexico,19987255,2006,3,March
2006-04-01,Canada,5340507,2006,4,April
2006-04-01,Mexico,19544679,2006,4,April
2006-05-01,Canada,5792924,2006,5,May
2006-05-01,Mexico,18776930,2006,5,May
2006-06-01,Canada,6111231,2006,6,June
2006-06-01,Mexico,18215633,2006,6,June
2006-07-01,Canada,7983556,2006,7,July
2006-07-01,Mexico,19641004,2006,7,July
2006-08-01,Canada,7636202,2006,8,August
2006-08-01,Mexico,18990160,2006,8,August
2006-09-01,Canada,5911243,2006,9,September
2006-09-01,Mexico,17565960,2006,9,September
2006-10-01,Canada,5298849,2006,10,October
2006-10-01,Mexico,18127674,2006,10,October
2006-11-01,Canada,4623648,2006,11,November
2006-11-01,Mexico,19804810,2006,11,November
2006-12-01,Canada,4685644,2006,12,December
2006-12-01,Mexico,20794572,2006,12,December
2007-01-01,Canada,3582409,2007,1,January
2007-01-01,Mexico,17889177,2007,1,January
2007-02-01,Canada,3634099,2007,2,February
2007-02-01,Mexico,16676238,2007,2,February
2007-03-01,Canada,4552184,2007,3,March
2007-03-01,Mexico,19076898,2007,3,March
2007-04-01,Canada,4548202,2007,4,April
2007-04-01,Mexico,18109371,2007,4,April
2007-05-01,Canada,5779671,2007,5,May
2007-05-01,Mexico,18661657,2007,5,May
2007-06-01,Canada,5832567,2007,6,June
2007-06-01,Mexico,17710672,2007,6,June
2007-07-01,Canada,6727006,2007,7,July
2007-07-01,Mexico,18911224,2007,7,July
2007-08-01,Canada,7185045,2007,8,August
2007-08-01,Mexico,18479892,2007,8,August
2007-09-01,Canada,5566230,2007,9,September
2007-09-01,Mexico,17044634,2007,9,September
2007-10-01,Canada,5587631,2007,10,October
2007-10-01,Mexico,17567527,2007,10,October
2007-11-01,Canada,5096308,2007,11,November
2007-11-01,Mexico,17619775,2007,11,November
2007-12-01,Canada,4674174,2007,12,December
2007-12-01,Mexico,19735697,2007,12,December
2008-01-01,Canada,4109563,2008,1,January
2008-01-01,Mexico,17200979,2008,1,January
2008-02-01,Canada,3870080,2008,2,February
2008-02-01,Mexico,16302268,2008,2,February
2008-03-01,Canada,4883604,2008,3,March
2008-03-01,Mexico,18625431,2008,3,March
2008-04-01,Canada,4548778,2008,4,April
2008-04-01,Mexico,16738080,2008,4,April
2008-05-01,Canada,5641377,2008,5,May
2008-05-01,Mexico,17582512,2008,5,May
2008-06-01,Canada,5665388,2008,6,June
2008-06-01,Mexico,16915510,2008,6,June
2008-07-01,Canada,7136114,2008,7,July
2008-07-01,Mexico,17837604,2008,7,July
2008-08-01,Canada,7717796,2008,8,August
2008-08-01,Mexico,17891753,2008,8,August
2008-09-01,Canada,5147461,2008,9,September
2008-09-01,Mexico,16749660,2008,9,September
2008-10-01,Canada,4943791,2008,10,October
2008-10-01,Mexico,16800966,2008,10,October
2008-11-01,Canada,4188150,2008,11,November
2008-11-01,Mexico,16392901,2008,11,November
2008-12-01,Canada,3709556,2008,12,December
2008-12-01,Mexico,17263461,2008,12,December
2009-01-01,Canada,3471486,2009,1,January
2009-01-01,Mexico,16271188,2009,1,January
2009-02-01,Canada,3385288,2009,2,February
2009-02-01,Mexico,14010656,2009,2,February
2009-03-01,Canada,4019196,2009,3,March
2009-03-01,Mexico,15955513,2009,3,March
2009-04-01,Canada,4197495,2009,4,April
2009-04-01,Mexico,15239529,2009,4,April
2009-05-01,Canada,5003257,2009,5,May
2009-05-01,Mexico,15475976,2009,5,May
2009-06-01,Canada,4754552,2009,6,June
2009-06-01,Mexico,14923101,2009,6,June
2009-07-01,Canada,6397533,2009,7,July
2009-07-01,Mexico,16066659,2009,7,July
2009-08-01,Canada,6963764,2009,8,August
2009-08-01,Mexico,16492023,2009,8,August
2009-09-01,Canada,5112765,2009,9,September
2009-09-01,Mexico,14254990,2009,9,September
2009-10-01,Canada,4714863,2009,10,October
2009-10-01,Mexico,14733991,2009,10,October
2009-11-01,Canada,4282614,2009,11,November
2009-11-01,Mexico,14815764,2009,11,November
2009-12-01,Canada,4322994,2009,12,December
2009-12-01,Mexico,16525665,2009,12,December
2010-01-01,Canada,3709352,2010,1,January
2010-01-01,Mexico,14889098,2010,1,January
2010-02-01,Canada,3509736,2010,2,February
2010-02-01,Mexico,13065517,2010,2,February
2010-03-01,Canada,4327611,2010,3,March
2010-03-01,Mexico,14764596,2010,3,March
2010-04-01,Canada,4576745,2010,4,April
2010-04-01,Mexico,14117457,2010,4,April
2010-05-01,Canada,5007170,2010,5,May
2010-05-01,Mexico,14596905,2010,5,May
2010-06-01,Canada,5219005,2010,6,June
2010-06-01,Mexico,13844986,2010,6,June
2010-07-01,Canada,7150354,2010,7,July
2010-07-01,Mexico,14365668,2010,7,July
2010-08-01,Canada,7167449,2010,8,August
2010-08-01,Mexico,14489285,2010,8,August
2010-09-01,Canada,5373066,2010,9,September
2010-09-01,Mexico,12928167,2010,9,September
2010-10-01,Canada,5098501,2010,10,October
2010-10-01,Mexico,14041768,2010,10,October
2010-11-01,Canada,4287280,2010,11,November
2010-11-01,Mexico,12847513,2010,11,November
2010-12-01,Canada,4459108,2010,12,December
2010-12-01,Mexico,14396532,2010,12,December
2011-01-01,Canada,3640778,2011,1,January
2011-01-01,Mexico,13083314,2011,1,January
2011-02-01,Canada,3527339,2011,2,February
2011-02-01,Mexico,11442868,2011,2,February
2011-03-01,Canada,4456453,2011,3,March
2011-03-01,Mexico,13145913,2011,3,March
2011-04-01,Canada,4758211,2011,4,April
2011-04-01,Mexico,12922956,2011,4,April
2011-05-01,Canada,5187798,2011,5,May
2011-05-01,Mexico,12875931,2011,5,May
2011-06-01,Canada,5485047,2011,6,June
2011-06-01,Mexico,12314009,2011,6,June
2011-07-01,Canada,7521719,2011,7,July
2011-07-01,Mexico,13320309,2011,7,July
2011-08-01,Canada,7425190,2011,8,August
2011-08-01,Mexico,12986259,2011,8,August
2011-09-01,Canada,5518865,2011,9,September
2011-09-01,Mexico,11978212,2011,9,September
2011-10-01,Canada,5149051,2011,10,October
2011-10-01,Mexico,12782924,2011,10,October
2011-11-01,Canada,4649982,2011,11,November
2011-11-01,Mexico,12607895,2011,11,November
2011-12-01,Canada,4999021,2011,12,December
2011-12-01,Mexico,14246260,2011,12,December
2012-01-01,Canada,3886017,2012,1,January
2012-01-01,Mexico,13111951,2012,1,January
2012-02-01,Canada,4028888,2012,2,February
2012-02-01,Mexico,12201723,2012,2,February
2012-03-01,Canada,4980183,2012,3,March
2012-03-01,Mexico,13363907,2012,3,March
2012-04-01,Canada,4928142,2012,4,April
2012-04-01,Mexico,13271081,2012,4,April
2012-05-01,Canada,5371258,2012,5,May
2012-05-01,Mexico,13101581,2012,5,May
2012-06-01,Canada,5926274,2012,6,June
2012-06-01,Mexico,12589608,2012,6,June
2012-07-01,Canada,7418350,2012,7,July
2012-07-01,Mexico,13781900,2012,7,July
2012-08-01,Canada,8005325,2012,8,August
2012-08-01,Mexico,13375604,2012,8,August
2012-09-01,Canada,5623755,2012,9,September
2012-09-01,Mexico,12592067,2012,9,September
2012-10-01,Canada,5121330,2012,10,October
2012-10-01,Mexico,13072758,2012,10,October
2012-11-01,Canada,4821056,2012,11,November
2012-11-01,Mexico,13440337,2012,11,November
2012-12-01,Canada,5027126,2012,12,December
2012-12-01,Mexico,15158664,2012,12,December
2013-01-01,Canada,4041349,2013,1,January
2013-01-01,Mexico,13381978,2013,1,January
2013-02-01,Canada,3974896,2013,2,February
2013-02-01,Mexico,12206048,2013,2,February
2013-03-01,Canada,5233372,2013,3,March
2013-03-01,Mexico,14159526,2013,3,March
2013-04-01,Canada,4614270,2013,4,April
2013-04-01,Mexico,13224518,2013,4,April
2013-05-01,Canada,5463454,2013,5,May
2013-05-01,Mexico,13659556,2013,5,May
2013-06-01,Canada,6022295,2013,6,June
2013-06-01,Mexico,13442770,2013,6,June
2013-07-01,Canada,7426187,2013,7,July
2013-07-01,Mexico,14633155,2013,7,July
2013-08-01,Canada,8222184,2013,8,August
2013-08-01,Mexico,14461525,2013,8,August
2013-09-01,Canada,5413531,2013,9,September
2013-09-01,Mexico,13152572,2013,9,September
2013-10-01,Canada,5249444,2013,10,October
2013-10-01,Mexico,13801563,2013,10,October
2013-11-01,Canada,4849352,2013,11,November
2013-11-01,Mexico,14074285,2013,11,November
2013-12-01,Canada,4925814,2013,12,December
2013-12-01,Mexico,15953545,2013,12,December
2014-01-01,Canada,3861811,2014,1,January
2014-01-01,Mexico,14255925,2014,1,January
2014-02-01,Canada,3648700,2014,2,February
2014-02-01,Mexico,12691834,2014,2,February
2014-03-01,Canada,4609056,2014,3,March
2014-03-01,Mexico,14705193,2014,3,March
2014-04-01,Canada,4727188,2014,4,April
2014-04-01,Mexico,14371511,2014,4,April
2014-05-01,Canada,5458298,2014,5,May
2014-05-01,Mexico,14489063,2014,5,May
2014-06-01,Canada,5869720,2014,6,June
2014-06-01,Mexico,13745895,2014,6,June
2014-07-01,Canada,7182734,2014,7,July
2014-07-01,Mexico,14850477,2014,7,July
2014-08-01,Canada,8039569,2014,8,August
2014-08-01,Mexico,14755977,2014,8,August
2014-09-01,Canada,5184037,2014,9,September
2014-09-01,Mexico,13545595,2014,9,September
2014-10-01,Canada,5024925,2014,10,October
2014-10-01,Mexico,14581151,2014,10,October
2014-11-01,Canada,4422315,2014,11,November
2014-11-01,Mexico,14999747,2014,11,November
2014-12-01,Canada,4619856,2014,12,December
2014-12-01,Mexico,16268235,2014,12,December
2015-01-01,Canada,3554802,2015,1,January
2015-01-01,Mexico,14881914,2015,1,January
2015-02-01,Canada,3224154,2015,2,February
2015-02-01,Mexico,13387097,2015,2,February
2015-03-01,Canada,3988927,2015,3,March
2015-03-01,Mexico,15391781,2015,3,March
2015-04-01,Canada,4061155,2015,4,April
2015-04-01,Mexico,14813925,2015,4,April
2015-05-01,Canada,4903198,2015,5,May
2015-05-01,Mexico,15448863,2015,5,May
2015-06-01,Canada,5245945,2015,6,June
2015-06-01,Mexico,14611472,2015,6,June
2015-07-01,Canada,6776789,2015,7,July
2015-07-01,Mexico,15743156,2015,7,July
2015-08-01,Canada,6612440,2015,8,August
2015-08-01,Mexico,15446791,2015,8,August
2015-09-01,Canada,4660433,2015,9,September
2015-09-01,Mexico,14174364,2015,9,September
2015-10-01,Canada,4270697,2015,10,October
2015-10-01,Mexico,15320527,2015,10,October
2015-11-01,Canada,3697058,2015,11,November
2015-11-01,Mexico,15367854,2015,11,November
2015-12-01,Canada,3896454,2015,12,December
2015-12-01,Mexico,16693442,2015,12,December
2016-01-01,Canada,3221659,2016,1,January
2016-01-01,Mexico,15298927,2016,1,January
2016-02-01,Canada,2935967,2016,2,February
2016-02-01,Mexico,14226421,2016,2,February
2016-03-01,Canada,3691493,2016,3,March
2016-03-01,Mexico,15966880,2016,3,March
2016-04-01,Canada,3641709,2016,4,April
2016-04-01,Mexico,14997621,2016,4,April
2016-05-01,Canada,4459088,2016,5,May
2016-05-01,Mexico,15737856,2016,5,May
2016-06-01,Canada,4893190,2016,6,June
2016-06-01,Mexico,14764287,2016,6,June
2016-07-01,Canada,6650985,2016,7,July
2016-07-01,Mexico,16186248,2016,7,July
2016-08-01,Canada,6418346,2016,8,August
2016-08-01,Mexico,15658360,2016,8,August
2016-09-01,Canada,4792640,2016,9,September
2016-09-01,Mexico,14750982,2016,9,September
2016-10-01,Canada,4344531,2016,10,October
2016-10-01,Mexico,15706417,2016,10,October
2016-11-01,Canada,3655017,2016,11,November
2016-11-01,Mexico,15309762,2016,11,November
2016-12-01,Canada,3795624,2016,12,December
2016-12-01,Mexico,16551752,2016,12,December
2017-01-01,Canada,3229664,2017,1,January
2017-01-01,Mexico,15310009,2017,1,January
2017-02-01,Canada,2989892,2017,2,February
2017-02-01,Mexico,13582669,2017,2,February
2017-03-01,Canada,3529604,2017,3,March
2017-03-01,Mexico,15771653,2017,3,March
2017-04-01,Canada,3871686,2017,4,April
2017-04-01,Mexico,15879080,2017,4,April
2017-05-01,Canada,4166222,2017,5,May
2017-05-01,Mexico,15765763,2017,5,May
2017-06-01,Canada,4790554,2017,6,June
2017-06-01,Mexico,15120994,2017,6,June
2017-07-01,Canada,6534917,2017,7,July
2017-07-01,Mexico,16571340,2017,7,July
2017-08-01,Canada,6611435,2017,8,August
2017-08-01,Mexico,15938659,2017,8,August
2017-09-01,Canada,4844078,2017,9,September
2017-09-01,Mexico,14911368,2017,9,September
2017-10-01,Canada,4348716,2017,10,October
2017-10-01,Mexico,16022469,2017,10,October
2017-11-01,Canada,3770655,2017,11,November
2017-11-01,Mexico,15913358,2017,11,November
2017-12-01,Canada,4049308,2017,12,December
2017-12-01,Mexico,17178416,2017,12,December
2018-01-01,Canada,3229859,2018,1,January
2018-01-01,Mexico,16030128,2018,1,January
2018-02-01,Canada,3128722,2018,2,February
2018-02-01,Mexico,14522128,2018,2,February
2018-03-01,Canada,4203301,2018,3,March
2018-03-01,Mexico,17025088,2018,3,March
2018-04-01,Canada,3823640,2018,4,April
2018-04-01,Mexico,16184395,2018,4,April
2018-05-01,Canada,4634617,2018,5,May
2018-05-01,Mexico,16385611,2018,5,May
2018-06-01,Canada,5223038,2018,6,June
2018-06-01,Mexico,15559327,2018,6,June
2018-07-01,Canada,6470861,2018,7,July
2018-07-01,Mexico,16874065,2018,7,July
2018-08-01,Canada,6746286,2018,8,August
2018-08-01,Mexico,16409225,2018,8,August
2018-09-01,Canada,4639595,2018,9,September
2018-09-01,Mexico,15509179,2018,9,September
2018-10-01,Canada,4268612,2018,10,October
2018-10-01,Mexico,16040687,2018,10,October
2018-11-01,Canada,3661820,2018,11,November
2018-11-01,Mexico,15501636,2018,11,November
2018-12-01,Canada,4001889,2018,12,December
2018-12-01,Mexico,16872217,2018,12,December
2019-01-01,Canada,3030406,2019,1,January
2019-01-01,Mexico,15951704,2019,1,January
2019-02-01,Canada,2874238,2019,2,February
2019-02-01,Mexico,13837998,2019,2,February
2019-03-01,Canada,3886477,2019,3,March
2019-03-01,Mexico,16274792,2019,3,March
2019-04-01,Canada,3925390,2019,4,April
2019-04-01,Mexico,15006211,2019,4,April
2019-05-01,Canada,4479809,2019,5,May
2019-05-01,Mexico,15479479,2019,5,May
2019-06-01,Canada,5720913,2019,6,June
2019-06-01,Mexico,15699266,2019,6,June
2019-07-01,Canada,6423533,2019,7,July
2019-07-01,Mexico,16219027,2019,7,July
2019-08-01,Canada,6887399,2019,8,August
2019-08-01,Mexico,15893449,2019,8,August
2019-09-01,Canada,4542438,2019,9,September
2019-09-01,Mexico,15322656,2019,9,September
2019-10-01,Canada,4260164,2019,10,October
2019-10-01,Mexico,15723008,2019,10,October
2019-11-01,Canada,3682228,2019,11,November
2019-11-01,Mexico,15654093,2019,11,November
2019-12-01,Canada,3984151,2019,12,December
2019-12-01,Mexico,17167238,2019,12,December
2020-01-01,Canada,3067040,2020,1,January
2020-01-01,Mexico,15507390,2020,1,January
2020-02-01,Canada,3198696,2020,2,February
2020-02-01,Mexico,14145349,2020,2,February
2020-03-01,Canada,1614129,2020,3,March
2020-03-01,Mexico,11050040,2020,3,March
2020-04-01,Canada,155053,2020,4,April
2020-04-01,Mexico,4530746,2020,4,April
2020-05-01,Canada,203369,2020,5,May
2020-05-01,Mexico,6398138,2020,5,May
2020-06-01,Canada,268581,2020,6,June
2020-06-01,Mexico,7168538,2020,6,June
2020-07-01,Canada,295100,2020,7,July
2020-07-01,Mexico,7395909,2020,7,July
2020-08-01,Canada,323872,2020,8,August
2020-08-01,Mexico,7789898,2020,8,August
2020-09-01,Canada,312747,2020,9,September
2020-09-01,Mexico,7575252,2020,9,September
2020-10-01,Canada,324327,2020,10,October
2020-10-01,Mexico,8519302,2020,10,October
2020-11-01,Canada,274642,2020,11,November
2020-11-01,Mexico,8180512,2020,11,November
2020-12-01,Canada,284489,2020,12,December
2020-12-01,Mexico,8327494,2020,12,December
2021-01-01,Canada,269924,2021,1,January
2021-01-01,Mexico,8829049,2021,1,January
2021-02-01,Canada,244337,2021,2,February
2021-02-01,Mexico,7979809,2021,2,February
2021-03-01,Canada,316016,2021,3,March
2021-03-01,Mexico,9953259,2021,3,March
2021-04-01,Canada,312704,2021,4,April
2021-04-01,Mexico,9826779,2021,4,April
2021-05-01,Canada,341845,2021,5,May
2021-05-01,Mexico,10296179,2021,5,May
2021-06-01,Canada,369139,2021,6,June
2021-06-01,Mexico,10249926,2021,6,June
2021-07-01,Canada,424762,2021,7,July
2021-07-01,Mexico,10463641,2021,7,July
2021-08-01,Canada,704967,2021,8,August
2021-08-01,Mexico,10764064,2021,8,August
2021-09-01,Canada,710371,2021,9,September
2021-09-01,Mexico,10349266,2021,9,September
2021-10-01,Canada,676963,2021,10,October
2021-10-01,Mexico,10936952,2021,10,October
2021-11-01,Canada,921902,2021,11,November
2021-11-01,Mexico,12323222,2021,11,November
2021-12-01,Canada,1216769,2021,12,December
2021-12-01,Mexico,13891858,2021,12,December
2022-01-01,Canada,650258,2022,1,January
2022-01-01,Mexico,12960194,2022,1,January
2022-02-01,Canada,702296,2022,2,February
2022-02-01,Mexico,12143782,2022,2,February
2022-03-01,Canada,1117278,2022,3,March
2022-03-01,Mexico,13875384,2022,3,March
2022-04-01,Canada,1943755,2022,4,April
2022-04-01,Mexico,13993314,2022,4,April
2022-05-01,Canada,2277397,2022,5,May
2022-05-01,Mexico,14095443,2022,5,May
2022-06-01,Canada,2673786,2022,6,June
2022-06-01,Mexico,13314191,2022,6,June
2022-07-01,Canada,3706735,2022,7,July
2022-07-01,Mexico,14559235,2022,7,July
2022-08-01,Canada,3621938,2022,8,August
2022-08-01,Mexico,14058860,2022,8,August
2022-09-01,Canada,2799906,2022,9,September
2022-09-01,Mexico,13595769,2022,9,September
2022-10-01,Canada,2996723,2022,10,October
2022-10-01,Mexico,14105622,2022,10,October
2022-11-01,Canada,2516894,2022,11,November
2022-11-01,Mexico,14293715,2022,11,November
2022-12-01,Canada,2609749,2022,12,December
2022-12-01,Mexico,15188208,2022,12,December
2023-01-01,Canada,2315766,2023,1,January
2023-01-01,Mexico,14578092,2023,1,January
2023-02-01,Canada,2292045,2023,2,February
2023-02-01,Mexico,12926336,2023,2,February
2023-03-01,Canada,2747492,2023,3,March
2023-03-01,Mexico,14898208,2023,3,March
2023-04-01,Canada,2949649,2023,4,April
2023-04-01,Mexico,14922000,2023,4,April
2023-05-01,Canada,3386469,2023,5,May
2023-05-01,Mexico,15120311,2023,5,May
2023-06-01,Canada,3898410,2023,6,June
2023-06-01,Mexico,14223086,2023,6,June
2023-07-01,Canada,5271322,2023,7,July
2023-07-01,Mexico,15587198,2023,7,July
2023-08-01,Canada,5309969,2023,8,August
2023-08-01,Mexico,15068738,2023,8,August
2023-09-01,Canada,3873554,2023,9,September
2023-09-01,Mexico,14145880,2023,9,September
2023-10-01,Canada,3544373,2023,10,October
2023-10-01,Mexico,14585725,2023,10,October
2023-11-01,Canada,3035793,2023,11,November
2023-11-01,Mexico,15057725,2023,11,November
2023-12-01,Canada,3414032,2023,12,December
2023-12-01,Mexico,15695033,2023,12,December
2024-01-01,Canada,2512004,2024,1,January
2024-01-01,Mexico,13499969,2024,1,January
2024-02-01,Canada,2724553,2024,2,February
2024-02-01,Mexico,13861482,2024,2,February
2024-03-01,Canada,3455730,2024,3,March
2024-03-01,Mexico,15452966,2024,3,March
2024-04-01,Canada,3237113,2024,4,April
2024-04-01,Mexico,14903600,2024,4,April
2024-05-01,Canada,3891596,2024,5,May
2024-05-01,Mexico,15280384,2024,5,May
2024-06-01,Canada,4394616,2024,6,June
2024-06-01,Mexico,14659328,2024,6,June
2024-07-01,Canada,5556417,2024,7,July
2024-07-01,Mexico,15543002,2024,7,July
2024-08-01,Canada,5859084,2024,8,August
2024-08-01,Mexico,15364365,2024,8,August
2024-09-01,Canada,4005598,2024,9,September
2024-09-01,Mexico,15151528,2024,9,September
2024-10-01,Canada,3799563,2024,10,October
2024-10-01,Mexico,15468981,2024,10,October
2024-11-01,Canada,3366293,2024,11,November
2024-11-01,Mexico,15393205,2024,11,November
2024-12-01,Canada,3599015,2024,12,December
2024-12-01,Mexico,16797388,2024,12,December
2025-01-01,Canada,2721731,2025,1,January
2025-01-01,Mexico,15138267,2025,1,January
2025-02-01,Canada,2288329,2025,2,February
2025-02-01,Mexico,13288185,2025,2,February
2025-03-01,Canada,2588029,2025,3,March
2025-03-01,Mexico,14630888,2025,3,March
2025-04-01,Canada,2400358,2025,4,April
2025-04-01,Mexico,15018409,2025,4,April
2025-05-01,Canada,2810526,2025,5,May
2025-05-01,Mexico,15297070,2025,5,May
