Date,Measure,Monthly_Crossings,Year,Month,Month_Name
2000-01-01,Commercial Transportation,1664657,2000,1,January
2000-01-01,Personal Transportation,39346057,2000,1,January
2000-01-01,Public Transportation,471867,2000,1,January
2000-01-01,Rail Transportation,200791,2000,1,January
2000-02-01,Commercial Transportation,1789572,2000,2,February
2000-02-01,Personal Transportation,38134285,2000,2,February
2000-02-01,Public Transportation,509312,2000,2,February
2000-02-01,Rail Transportation,190684,2000,2,February
2000-03-01,Commercial Transportation,2003137,2000,3,March
2000-03-01,Personal Transportation,42422692,2000,3,March
2000-03-01,Public Transportation,555459,2000,3,March
2000-03-01,Rail Transportation,217468,2000,3,March
2000-04-01,Commercial Transportation,1812678,2000,4,April
2000-04-01,Personal Transportation,41978741,2000,4,April
2000-04-01,Public Transportation,637584,2000,4,April
2000-04-01,Rail Transportation,210291,2000,4,April
2000-05-01,Commercial Transportation,1999669,2000,5,May
2000-05-01,Personal Transportation,43740704,2000,5,May
2000-05-01,Public Transportation,723815,2000,5,May
2000-05-01,Rail Transportation,213420,2000,5,May
2000-06-01,Commercial Transportation,1976465,2000,6,June
2000-06-01,Personal Transportation,41246345,2000,6,June
2000-06-01,Public Transportation,1314441,2000,6,June
2000-06-01,Rail Transportation,215321,2000,6,June
2000-07-01,Commercial Transportation,1737692,2000,7,July
2000-07-01,Personal Transportation,47308059,2000,7,July
2000-07-01,Public Transportation,928859,2000,7,July
2000-07-01,Rail Transportation,221647,2000,7,July
2000-08-01,Commercial Transportation,1889974,2000,8,August
2000-08-01,Personal Transportation,46628481,2000,8,August
2000-08-01,Public Transportation,894093,2000,8,August
2000-08-01,Rail Transportation,225037,2000,8,August
2000-09-01,Commercial Transportation,1750100,2000,9,September
2000-09-01,Personal Transportation,42604124,2000,9,September
2000-09-01,Public Transportation,804834,2000,9,September
2000-09-01,Rail Transportation,213149,2000,9,September
2000-10-01,Commercial Transportation,1980311,2000,10,October
2000-10-01,Personal Transportation,41691993,2000,10,October
2000-10-01,Public Transportation,790222,2000,10,October
2000-10-01,Rail Transportation,195977,2000,10,October
2000-11-01,Commercial Transportation,1858025,2000,11,November
2000-11-01,Personal Transportation,39956297,2000,11,November
2000-11-01,Public Transportation,590627,2000,11,November
2000-11-01,Rail Transportation,207967,2000,11,November
2000-12-01,Commercial Transportation,1544143,2000,12,December
2000-12-01,Personal Transportation,41663453,2000,12,December
2000-12-01,Public Transportation,577802,2000,12,December
2000-12-01,Rail Transportation,183221,2000,12,December
2001-01-01,Commercial Transportation,1846841,2001,1,January
2001-01-01,Personal Transportation,40531421,2001,1,January
2001-01-01,Public Transportation,557568,2001,1,January
2001-01-01,Rail Transportation,205559,2001,1,January
2001-02-01,Commercial Transportation,1675999,2001,2,February
2001-02-01,Personal Transportation,37891845,2001,2,February
2001-02-01,Public Transportation,535366,2001,2,February
2001-02-01,Rail Transportation,196213,2001,2,February
2001-03-01,Commercial Transportation,1935439,2001,3,March
2001-03-01,Personal Transportation,43274260,2001,3,March
2001-03-01,Public Transportation,653019,2001,3,March
2001-03-01,Rail Transportation,238055,2001,3,March
2001-04-01,Commercial Transportation,1821317,2001,4,April
2001-04-01,Personal Transportation,40995965,2001,4,April
2001-04-01,Public Transportation,693607,2001,4,April
2001-04-01,Rail Transportation,220790,2001,4,April
2001-05-01,Commercial Transportation,2011582,2001,5,May
2001-05-01,Personal Transportation,39747482,2001,5,May
2001-05-01,Public Transportation,765827,2001,5,May
2001-05-01,Rail Transportation,241919,2001,5,May
2001-06-01,Commercial Transportation,1900659,2001,6,June
2001-06-01,Personal Transportation,40054828,2001,6,June
2001-06-01,Public Transportation,834469,2001,6,June
2001-06-01,Rail Transportation,222742,2001,6,June
2001-07-01,Commercial Transportation,1759312,2001,7,July
2001-07-01,Personal Transportation,44638478,2001,7,July
2001-07-01,Public Transportation,917631,2001,7,July
2001-07-01,Rail Transportation,219065,2001,7,July
2001-08-01,Commercial Transportation,1963324,2001,8,August
2001-08-01,Personal Transportation,44747455,2001,8,August
2001-08-01,Public Transportation,885227,2001,8,August
2001-08-01,Rail Transportation,218400,2001,8,August
2001-09-01,Commercial Transportation,1721637,2001,9,September
2001-09-01,Personal Transportation,31602775,2001,9,September
2001-09-01,Public Transportation,681578,2001,9,September
2001-09-01,Rail Transportation,214944,2001,9,September
2001-10-01,Commercial Transportation,1967206,2001,10,October
2001-10-01,Personal Transportation,29778900,2001,10,October
2001-10-01,Public Transportation,620434,2001,10,October
2001-10-01,Rail Transportation,291169,2001,10,October
2001-11-01,Commercial Transportation,1814726,2001,11,November
2001-11-01,Personal Transportation,30996063,2001,11,November
2001-11-01,Public Transportation,577600,2001,11,November
2001-11-01,Rail Transportation,208571,2001,11,November
2001-12-01,Commercial Transportation,1543515,2001,12,December
2001-12-01,Personal Transportation,35906355,2001,12,December
2001-12-01,Public Transportation,558602,2001,12,December
2001-12-01,Rail Transportation,198163,2001,12,December
2002-01-01,Commercial Transportation,1812798,2002,1,January
2002-01-01,Personal Transportation,33931977,2002,1,January
2002-01-01,Public Transportation,564202,2002,1,January
2002-01-01,Rail Transportation,197041,2002,1,January
2002-02-01,Commercial Transportation,1761522,2002,2,February
2002-02-01,Personal Transportation,32213905,2002,2,February
2002-02-01,Public Transportation,500123,2002,2,February
2002-02-01,Rail Transportation,203902,2002,2,February
2002-03-01,Commercial Transportation,1889968,2002,3,March
2002-03-01,Personal Transportation,36829231,2002,3,March
2002-03-01,Public Transportation,667777,2002,3,March
2002-03-01,Rail Transportation,237608,2002,3,March
2002-04-01,Commercial Transportation,2001813,2002,4,April
2002-04-01,Personal Transportation,35038273,2002,4,April
2002-04-01,Public Transportation,654744,2002,4,April
2002-04-01,Rail Transportation,228581,2002,4,April
2002-05-01,Commercial Transportation,2028351,2002,5,May
2002-05-01,Personal Transportation,37223609,2002,5,May
2002-05-01,Public Transportation,767309,2002,5,May
2002-05-01,Rail Transportation,232437,2002,5,May
2002-06-01,Commercial Transportation,1870471,2002,6,June
2002-06-01,Personal Transportation,37210073,2002,6,June
2002-06-01,Public Transportation,791623,2002,6,June
2002-06-01,Rail Transportation,233880,2002,6,June
2002-07-01,Commercial Transportation,1845572,2002,7,July
2002-07-01,Personal Transportation,40999321,2002,7,July
2002-07-01,Public Transportation,963605,2002,7,July
2002-07-01,Rail Transportation,234503,2002,7,July
2002-08-01,Commercial Transportation,1950731,2002,8,August
2002-08-01,Personal Transportation,41824795,2002,8,August
2002-08-01,Public Transportation,891454,2002,8,August
2002-08-01,Rail Transportation,246389,2002,8,August
2002-09-01,Commercial Transportation,1858764,2002,9,September
2002-09-01,Personal Transportation,36591884,2002,9,September
2002-09-01,Public Transportation,779365,2002,9,September
2002-09-01,Rail Transportation,231313,2002,9,September
2002-10-01,Commercial Transportation,2055510,2002,10,October
2002-10-01,Personal Transportation,36256070,2002,10,October
2002-10-01,Public Transportation,778129,2002,10,October
2002-10-01,Rail Transportation,238421,2002,10,October
2002-11-01,Commercial Transportation,1852685,2002,11,November
2002-11-01,Personal Transportation,35523413,2002,11,November
2002-11-01,Public Transportation,598874,2002,11,November
2002-11-01,Rail Transportation,235628,2002,11,November
2002-12-01,Commercial Transportation,1668874,2002,12,December
2002-12-01,Personal Transportation,38115751,2002,12,December
2002-12-01,Public Transportation,652133,2002,12,December
2002-12-01,Rail Transportation,218416,2002,12,December
2003-01-01,Commercial Transportation,1889151,2003,1,January
2003-01-01,Personal Transportation,34468518,2003,1,January
2003-01-01,Public Transportation,629842,2003,1,January
2003-01-01,Rail Transportation,222644,2003,1,January
2003-02-01,Commercial Transportation,1756994,2003,2,February
2003-02-01,Personal Transportation,31185466,2003,2,February
2003-02-01,Public Transportation,607012,2003,2,February
2003-02-01,Rail Transportation,211267,2003,2,February
2003-03-01,Commercial Transportation,1901369,2003,3,March
2003-03-01,Personal Transportation,34852244,2003,3,March
2003-03-01,Public Transportation,622656,2003,3,March
2003-03-01,Rail Transportation,234893,2003,3,March
2003-04-01,Commercial Transportation,1871140,2003,4,April
2003-04-01,Personal Transportation,32342531,2003,4,April
2003-04-01,Public Transportation,572630,2003,4,April
2003-04-01,Rail Transportation,237686,2003,4,April
2003-05-01,Commercial Transportation,1884042,2003,5,May
2003-05-01,Personal Transportation,36128469,2003,5,May
2003-05-01,Public Transportation,687608,2003,5,May
2003-05-01,Rail Transportation,232828,2003,5,May
2003-06-01,Commercial Transportation,1831273,2003,6,June
2003-06-01,Personal Transportation,36099627,2003,6,June
2003-06-01,Public Transportation,735498,2003,6,June
2003-06-01,Rail Transportation,227337,2003,6,June
2003-07-01,Commercial Transportation,1729898,2003,7,July
2003-07-01,Personal Transportation,36653487,2003,7,July
2003-07-01,Public Transportation,825966,2003,7,July
2003-07-01,Rail Transportation,226187,2003,7,July
2003-08-01,Commercial Transportation,1737047,2003,8,August
2003-08-01,Personal Transportation,39215679,2003,8,August
2003-08-01,Public Transportation,806000,2003,8,August
2003-08-01,Rail Transportation,243173,2003,8,August
2003-09-01,Commercial Transportation,1877853,2003,9,September
2003-09-01,Personal Transportation,34607342,2003,9,September
2003-09-01,Public Transportation,685642,2003,9,September
2003-09-01,Rail Transportation,230172,2003,9,September
2003-10-01,Commercial Transportation,1982274,2003,10,October
2003-10-01,Personal Transportation,35210334,2003,10,October
2003-10-01,Public Transportation,681610,2003,10,October
2003-10-01,Rail Transportation,236650,2003,10,October
2003-11-01,Commercial Transportation,1733086,2003,11,November
2003-11-01,Personal Transportation,35661636,2003,11,November
2003-11-01,Public Transportation,567200,2003,11,November
2003-11-01,Rail Transportation,235382,2003,11,November
2003-12-01,Commercial Transportation,1679188,2003,12,December
2003-12-01,Personal Transportation,37326946,2003,12,December
2003-12-01,Public Transportation,580867,2003,12,December
2003-12-01,Rail Transportation,226309,2003,12,December
2004-01-01,Commercial Transportation,1745068,2004,1,January
2004-01-01,Personal Transportation,33364694,2004,1,January
2004-01-01,Public Transportation,584989,2004,1,January
2004-01-01,Rail Transportation,208512,2004,1,January
2004-02-01,Commercial Transportation,1789733,2004,2,February
2004-02-01,Personal Transportation,32304892,2004,2,February
2004-02-01,Public Transportation,541904,2004,2,February
2004-02-01,Rail Transportation,217784,2004,2,February
2004-03-01,Commercial Transportation,2081781,2004,3,March
2004-03-01,Personal Transportation,35653410,2004,3,March
2004-03-01,Public Transportation,607357,2004,3,March
2004-03-01,Rail Transportation,250370,2004,3,March
2004-04-01,Commercial Transportation,1921097,2004,4,April
2004-04-01,Personal Transportation,34550862,2004,4,April
2004-04-01,Public Transportation,627224,2004,4,April
2004-04-01,Rail Transportation,244601,2004,4,April
2004-05-01,Commercial Transportation,1921415,2004,5,May
2004-05-01,Personal Transportation,36251751,2004,5,May
2004-05-01,Public Transportation,688519,2004,5,May
2004-05-01,Rail Transportation,248117,2004,5,May
2004-06-01,Commercial Transportation,2000073,2004,6,June
2004-06-01,Personal Transportation,35412684,2004,6,June
2004-06-01,Public Transportation,728550,2004,6,June
2004-06-01,Rail Transportation,246491,2004,6,June
2004-07-01,Commercial Transportation,1826608,2004,7,July
2004-07-01,Personal Transportation,40371131,2004,7,July
2004-07-01,Public Transportation,838035,2004,7,July
2004-07-01,Rail Transportation,240428,2004,7,July
2004-08-01,Commercial Transportation,1963683,2004,8,August
2004-08-01,Personal Transportation,39002690,2004,8,August
2004-08-01,Public Transportation,786167,2004,8,August
2004-08-01,Rail Transportation,262835,2004,8,August
2004-09-01,Commercial Transportation,1928766,2004,9,September
2004-09-01,Personal Transportation,33652692,2004,9,September
2004-09-01,Public Transportation,667666,2004,9,September
2004-09-01,Rail Transportation,249789,2004,9,September
2004-10-01,Commercial Transportation,1919556,2004,10,October
2004-10-01,Personal Transportation,34480480,2004,10,October
2004-10-01,Public Transportation,581104,2004,10,October
2004-10-01,Rail Transportation,253769,2004,10,October
2004-11-01,Commercial Transportation,1889394,2004,11,November
2004-11-01,Personal Transportation,33643240,2004,11,November
2004-11-01,Public Transportation,526955,2004,11,November
2004-11-01,Rail Transportation,244771,2004,11,November
2004-12-01,Commercial Transportation,1708684,2004,12,December
2004-12-01,Personal Transportation,36228822,2004,12,December
2004-12-01,Public Transportation,525156,2004,12,December
2004-12-01,Rail Transportation,235999,2004,12,December
2005-01-01,Commercial Transportation,1800914,2005,1,January
2005-01-01,Personal Transportation,33513645,2005,1,January
2005-01-01,Public Transportation,504044,2005,1,January
2005-01-01,Rail Transportation,223937,2005,1,January
2005-02-01,Commercial Transportation,1774584,2005,2,February
2005-02-01,Personal Transportation,31051898,2005,2,February
2005-02-01,Public Transportation,494024,2005,2,February
2005-02-01,Rail Transportation,233505,2005,2,February
2005-03-01,Commercial Transportation,1962379,2005,3,March
2005-03-01,Personal Transportation,36045219,2005,3,March
2005-03-01,Public Transportation,596593,2005,3,March
2005-03-01,Rail Transportation,251259,2005,3,March
2005-04-01,Commercial Transportation,1905329,2005,4,April
2005-04-01,Personal Transportation,33660916,2005,4,April
2005-04-01,Public Transportation,600500,2005,4,April
2005-04-01,Rail Transportation,246996,2005,4,April
2005-05-01,Commercial Transportation,1973809,2005,5,May
2005-05-01,Personal Transportation,35102041,2005,5,May
2005-05-01,Public Transportation,692113,2005,5,May
2005-05-01,Rail Transportation,254536,2005,5,May
2005-06-01,Commercial Transportation,1999985,2005,6,June
2005-06-01,Personal Transportation,34990249,2005,6,June
2005-06-01,Public Transportation,698967,2005,6,June
2005-06-01,Rail Transportation,249803,2005,6,June
2005-07-01,Commercial Transportation,1750637,2005,7,July
2005-07-01,Personal Transportation,39044514,2005,7,July
2005-07-01,Public Transportation,815186,2005,7,July
2005-07-01,Rail Transportation,251644,2005,7,July
2005-08-01,Commercial Transportation,2054162,2005,8,August
2005-08-01,Personal Transportation,38070873,2005,8,August
2005-08-01,Public Transportation,726541,2005,8,August
2005-08-01,Rail Transportation,258531,2005,8,August
2005-09-01,Commercial Transportation,1951140,2005,9,September
2005-09-01,Personal Transportation,33022714,2005,9,September
2005-09-01,Public Transportation,681210,2005,9,September
2005-09-01,Rail Transportation,245901,2005,9,September
2005-10-01,Commercial Transportation,2009724,2005,10,October
2005-10-01,Personal Transportation,33691464,2005,10,October
2005-10-01,Public Transportation,597792,2005,10,October
2005-10-01,Rail Transportation,253894,2005,10,October
2005-11-01,Commercial Transportation,1961070,2005,11,November
2005-11-01,Personal Transportation,32501507,2005,11,November
2005-11-01,Public Transportation,499984,2005,11,November
2005-11-01,Rail Transportation,248427,2005,11,November
2005-12-01,Commercial Transportation,1770818,2005,12,December
2005-12-01,Personal Transportation,36225218,2005,12,December
2005-12-01,Public Transportation,527533,2005,12,December
2005-12-01,Rail Transportation,246539,2005,12,December
2006-01-01,Commercial Transportation,1899210,2006,1,January
2006-01-01,Personal Transportation,33374340,2006,1,January
2006-01-01,Public Transportation,547341,2006,1,January
2006-01-01,Rail Transportation,247472,2006,1,January
2006-02-01,Commercial Transportation,1828398,2006,2,February
2006-02-01,Personal Transportation,30360153,2006,2,February
2006-02-01,Public Transportation,483636,2006,2,February
2006-02-01,Rail Transportation,226366,2006,2,February
2006-03-01,Commercial Transportation,2077827,2006,3,March
2006-03-01,Personal Transportation,34798770,2006,3,March
2006-03-01,Public Transportation,556801,2006,3,March
2006-03-01,Rail Transportation,263820,2006,3,March
2006-04-01,Commercial Transportation,1882802,2006,4,April
2006-04-01,Personal Transportation,34295615,2006,4,April
2006-04-01,Public Transportation,537816,2006,4,April
2006-04-01,Rail Transportation,257055,2006,4,April
2006-05-01,Commercial Transportation,2055143,2006,5,May
2006-05-01,Personal Transportation,34062530,2006,5,May
2006-05-01,Public Transportation,637646,2006,5,May
2006-05-01,Rail Transportation,261994,2006,5,May
2006-06-01,Commercial Transportation,1984600,2006,6,June
2006-06-01,Personal Transportation,33657168,2006,6,June
2006-06-01,Public Transportation,564792,2006,6,June
2006-06-01,Rail Transportation,269168,2006,6,June
2006-07-01,Commercial Transportation,1767520,2006,7,July
2006-07-01,Personal Transportation,37441085,2006,7,July
2006-07-01,Public Transportation,753152,2006,7,July
2006-07-01,Rail Transportation,253736,2006,7,July
2006-08-01,Commercial Transportation,2026721,2006,8,August
2006-08-01,Personal Transportation,36451195,2006,8,August
2006-08-01,Public Transportation,607657,2006,8,August
2006-08-01,Rail Transportation,270557,2006,8,August
2006-09-01,Commercial Transportation,1844058,2006,9,September
2006-09-01,Personal Transportation,32450770,2006,9,September
2006-09-01,Public Transportation,519745,2006,9,September
2006-09-01,Rail Transportation,250577,2006,9,September
2006-10-01,Commercial Transportation,1969537,2006,10,October
2006-10-01,Personal Transportation,32242621,2006,10,October
2006-10-01,Public Transportation,764561,2006,10,October
2006-10-01,Rail Transportation,254970,2006,10,October
2006-11-01,Commercial Transportation,1841835,2006,11,November
2006-11-01,Personal Transportation,33597643,2006,11,November
2006-11-01,Public Transportation,537461,2006,11,November
2006-11-01,Rail Transportation,243085,2006,11,November
2006-12-01,Commercial Transportation,1642144,2006,12,December
2006-12-01,Personal Transportation,34629681,2006,12,December
2006-12-01,Public Transportation,568091,2006,12,December
2006-12-01,Rail Transportation,237157,2006,12,December
2007-01-01,Commercial Transportation,1821129,2007,1,January
2007-01-01,Personal Transportation,30103253,2007,1,January
2007-01-01,Public Transportation,479660,2007,1,January
2007-01-01,Rail Transportation,232406,2007,1,January
2007-02-01,Commercial Transportation,1785456,2007,2,February
2007-02-01,Personal Transportation,28179147,2007,2,February
2007-02-01,Public Transportation,428426,2007,2,February
2007-02-01,Rail Transportation,212434,2007,2,February
2007-03-01,Commercial Transportation,2028295,2007,3,March
2007-03-01,Personal Transportation,32626673,2007,3,March
2007-03-01,Public Transportation,533413,2007,3,March
2007-03-01,Rail Transportation,258765,2007,3,March
2007-04-01,Commercial Transportation,1890305,2007,4,April
2007-04-01,Personal Transportation,31215179,2007,4,April
2007-04-01,Public Transportation,584150,2007,4,April
2007-04-01,Rail Transportation,253331,2007,4,April
2007-05-01,Commercial Transportation,2032330,2007,5,May
2007-05-01,Personal Transportation,33398581,2007,5,May
2007-05-01,Public Transportation,679419,2007,5,May
2007-05-01,Rail Transportation,263847,2007,5,May
2007-06-01,Commercial Transportation,1923305,2007,6,June
2007-06-01,Personal Transportation,32119240,2007,6,June
2007-06-01,Public Transportation,712086,2007,6,June
2007-06-01,Rail Transportation,266188,2007,6,June
2007-07-01,Commercial Transportation,1817398,2007,7,July
2007-07-01,Personal Transportation,34750658,2007,7,July
2007-07-01,Public Transportation,797544,2007,7,July
2007-07-01,Rail Transportation,256435,2007,7,July
2007-08-01,Commercial Transportation,1973175,2007,8,August
2007-08-01,Personal Transportation,34904419,2007,8,August
2007-08-01,Public Transportation,752169,2007,8,August
2007-08-01,Rail Transportation,272940,2007,8,August
2007-09-01,Commercial Transportation,1814960,2007,9,September
2007-09-01,Personal Transportation,31049839,2007,9,September
2007-09-01,Public Transportation,650952,2007,9,September
2007-09-01,Rail Transportation,265818,2007,9,September
2007-10-01,Commercial Transportation,2031836,2007,10,October
2007-10-01,Personal Transportation,31912102,2007,10,October
2007-10-01,Public Transportation,633246,2007,10,October
2007-10-01,Rail Transportation,269257,2007,10,October
2007-11-01,Commercial Transportation,1876498,2007,11,November
2007-11-01,Personal Transportation,31198664,2007,11,November
2007-11-01,Public Transportation,576038,2007,11,November
2007-11-01,Rail Transportation,262061,2007,11,November
2007-12-01,Commercial Transportation,1584262,2007,12,December
2007-12-01,Personal Transportation,33027244,2007,12,December
2007-12-01,Public Transportation,648175,2007,12,December
2007-12-01,Rail Transportation,234467,2007,12,December
2008-01-01,Commercial Transportation,1840723,2008,1,January
2008-01-01,Personal Transportation,29381630,2008,1,January
2008-01-01,Public Transportation,559414,2008,1,January
2008-01-01,Rail Transportation,236254,2008,1,January
2008-02-01,Commercial Transportation,1805042,2008,2,February
2008-02-01,Personal Transportation,27879079,2008,2,February
2008-02-01,Public Transportation,534756,2008,2,February
2008-02-01,Rail Transportation,233563,2008,2,February
2008-03-01,Commercial Transportation,1825106,2008,3,March
2008-03-01,Personal Transportation,32075401,2008,3,March
2008-03-01,Public Transportation,589859,2008,3,March
2008-03-01,Rail Transportation,252660,2008,3,March
2008-04-01,Commercial Transportation,1942093,2008,4,April
2008-04-01,Personal Transportation,29414806,2008,4,April
2008-04-01,Public Transportation,593028,2008,4,April
2008-04-01,Rail Transportation,266826,2008,4,April
2008-05-01,Commercial Transportation,1891090,2008,5,May
2008-05-01,Personal Transportation,31777855,2008,5,May
2008-05-01,Public Transportation,716062,2008,5,May
2008-05-01,Rail Transportation,266647,2008,5,May
2008-06-01,Commercial Transportation,1883359,2008,6,June
2008-06-01,Personal Transportation,31107474,2008,6,June
2008-06-01,Public Transportation,649796,2008,6,June
2008-06-01,Rail Transportation,256871,2008,6,June
2008-07-01,Commercial Transportation,1822870,2008,7,July
2008-07-01,Personal Transportation,33969691,2008,7,July
2008-07-01,Public Transportation,784567,2008,7,July
2008-07-01,Rail Transportation,264105,2008,7,July
2008-08-01,Commercial Transportation,1781476,2008,8,August
2008-08-01,Personal Transportation,34851560,2008,8,August
2008-08-01,Public Transportation,740525,2008,8,August
2008-08-01,Rail Transportation,267779,2008,8,August
2008-09-01,Commercial Transportation,1812140,2008,9,September
2008-09-01,Personal Transportation,30257938,2008,9,September
2008-09-01,Public Transportation,573627,2008,9,September
2008-09-01,Rail Transportation,245458,2008,9,September
2008-10-01,Commercial Transportation,1843403,2008,10,October
2008-10-01,Personal Transportation,30101763,2008,10,October
2008-10-01,Public Transportation,584289,2008,10,October
2008-10-01,Rail Transportation,257174,2008,10,October
2008-11-01,Commercial Transportation,1541830,2008,11,November
2008-11-01,Personal Transportation,28483501,2008,11,November
2008-11-01,Public Transportation,481561,2008,11,November
2008-11-01,Rail Transportation,238739,2008,11,November
2008-12-01,Commercial Transportation,1398135,2008,12,December
2008-12-01,Personal Transportation,28984869,2008,12,December
2008-12-01,Public Transportation,446098,2008,12,December
2008-12-01,Rail Transportation,189541,2008,12,December
2009-01-01,Commercial Transportation,1443574,2009,1,January
2009-01-01,Personal Transportation,27132997,2009,1,January
2009-01-01,Public Transportation,413302,2009,1,January
2009-01-01,Rail Transportation,179068,2009,1,January
2009-02-01,Commercial Transportation,1421376,2009,2,February
2009-02-01,Personal Transportation,24180869,2009,2,February
2009-02-01,Public Transportation,342754,2009,2,February
2009-02-01,Rail Transportation,176161,2009,2,February
2009-03-01,Commercial Transportation,1554962,2009,3,March
2009-03-01,Personal Transportation,27599929,2009,3,March
2009-03-01,Public Transportation,394293,2009,3,March
2009-03-01,Rail Transportation,195948,2009,3,March
2009-04-01,Commercial Transportation,1522407,2009,4,April
2009-04-01,Personal Transportation,26851377,2009,4,April
2009-04-01,Public Transportation,453615,2009,4,April
2009-04-01,Rail Transportation,187258,2009,4,April
2009-05-01,Commercial Transportation,1466632,2009,5,May
2009-05-01,Personal Transportation,28304146,2009,5,May
2009-05-01,Public Transportation,487678,2009,5,May
2009-05-01,Rail Transportation,184797,2009,5,May
2009-06-01,Commercial Transportation,1548795,2009,6,June
2009-06-01,Personal Transportation,27295218,2009,6,June
2009-06-01,Public Transportation,441319,2009,6,June
2009-06-01,Rail Transportation,191800,2009,6,June
2009-07-01,Commercial Transportation,1547229,2009,7,July
2009-07-01,Personal Transportation,30717581,2009,7,July
2009-07-01,Public Transportation,546266,2009,7,July
2009-07-01,Rail Transportation,215583,2009,7,July
2009-08-01,Commercial Transportation,1574457,2009,8,August
2009-08-01,Personal Transportation,32037534,2009,8,August
2009-08-01,Public Transportation,550396,2009,8,August
2009-08-01,Rail Transportation,223253,2009,8,August
2009-09-01,Commercial Transportation,1634099,2009,9,September
2009-09-01,Personal Transportation,26992148,2009,9,September
2009-09-01,Public Transportation,445060,2009,9,September
2009-09-01,Rail Transportation,210483,2009,9,September
2009-10-01,Commercial Transportation,1697490,2009,10,October
2009-10-01,Personal Transportation,27145537,2009,10,October
2009-10-01,Public Transportation,414429,2009,10,October
2009-10-01,Rail Transportation,213471,2009,10,October
2009-11-01,Commercial Transportation,1609707,2009,11,November
2009-11-01,Personal Transportation,26502194,2009,11,November
2009-11-01,Public Transportation,385037,2009,11,November
2009-11-01,Rail Transportation,204716,2009,11,November
2009-12-01,Commercial Transportation,1524553,2009,12,December
2009-12-01,Personal Transportation,28488291,2009,12,December
2009-12-01,Public Transportation,403267,2009,12,December
2009-12-01,Rail Transportation,198706,2009,12,December
2010-01-01,Commercial Transportation,1551144,2010,1,January
2010-01-01,Personal Transportation,25679464,2010,1,January
2010-01-01,Public Transportation,376261,2010,1,January
2010-01-01,Rail Transportation,211437,2010,1,January
2010-02-01,Commercial Transportation,1562080,2010,2,February
2010-02-01,Personal Transportation,23082656,2010,2,February
2010-02-01,Public Transportation,321126,2010,2,February
2010-02-01,Rail Transportation,215075,2010,2,February
2010-03-01,Commercial Transportation,1851014,2010,3,March
2010-03-01,Personal Transportation,26438615,2010,3,March
2010-03-01,Public Transportation,409960,2010,3,March
2010-03-01,Rail Transportation,242500,2010,3,March
2010-04-01,Commercial Transportation,1724637,2010,4,April
2010-04-01,Personal Transportation,25799815,2010,4,April
2010-04-01,Public Transportation,454685,2010,4,April
2010-04-01,Rail Transportation,226106,2010,4,April
2010-05-01,Commercial Transportation,1743097,2010,5,May
2010-05-01,Personal Transportation,27013412,2010,5,May
2010-05-01,Public Transportation,490751,2010,5,May
2010-05-01,Rail Transportation,239402,2010,5,May
2010-06-01,Commercial Transportation,1792575,2010,6,June
2010-06-01,Personal Transportation,26362199,2010,6,June
2010-06-01,Public Transportation,473418,2010,6,June
2010-06-01,Rail Transportation,237624,2010,6,June
2010-07-01,Commercial Transportation,1619341,2010,7,July
2010-07-01,Personal Transportation,29453515,2010,7,July
2010-07-01,Public Transportation,575968,2010,7,July
2010-07-01,Rail Transportation,230479,2010,7,July
2010-08-01,Commercial Transportation,1754093,2010,8,August
2010-08-01,Personal Transportation,29641745,2010,8,August
2010-08-01,Public Transportation,587542,2010,8,August
2010-08-01,Rail Transportation,261607,2010,8,August
2010-09-01,Commercial Transportation,1700825,2010,9,September
2010-09-01,Personal Transportation,25489176,2010,9,September
2010-09-01,Public Transportation,462630,2010,9,September
2010-09-01,Rail Transportation,243444,2010,9,September
2010-10-01,Commercial Transportation,1684495,2010,10,October
2010-10-01,Personal Transportation,26517323,2010,10,October
2010-10-01,Public Transportation,460605,2010,10,October
2010-10-01,Rail Transportation,245693,2010,10,October
2010-11-01,Commercial Transportation,1685067,2010,11,November
2010-11-01,Personal Transportation,24081660,2010,11,November
2010-11-01,Public Transportation,413656,2010,11,November
2010-11-01,Rail Transportation,225559,2010,11,November
2010-12-01,Commercial Transportation,1539246,2010,12,December
2010-12-01,Personal Transportation,26213656,2010,12,December
2010-12-01,Public Transportation,439149,2010,12,December
2010-12-01,Rail Transportation,221009,2010,12,December
2011-01-01,Commercial Transportation,1651110,2011,1,January
2011-01-01,Personal Transportation,23540191,2011,1,January
2011-01-01,Public Transportation,381539,2011,1,January
2011-01-01,Rail Transportation,219745,2011,1,January
2011-02-01,Commercial Transportation,1571052,2011,2,February
2011-02-01,Personal Transportation,21182727,2011,2,February
2011-02-01,Public Transportation,328349,2011,2,February
2011-02-01,Rail Transportation,209667,2011,2,February
2011-03-01,Commercial Transportation,1891479,2011,3,March
2011-03-01,Personal Transportation,24777167,2011,3,March
2011-03-01,Public Transportation,412124,2011,3,March
2011-03-01,Rail Transportation,242312,2011,3,March
2011-04-01,Commercial Transportation,1678278,2011,4,April
2011-04-01,Personal Transportation,24742535,2011,4,April
2011-04-01,Public Transportation,470081,2011,4,April
2011-04-01,Rail Transportation,248687,2011,4,April
2011-05-01,Commercial Transportation,1782658,2011,5,May
2011-05-01,Personal Transportation,25435116,2011,5,May
2011-05-01,Public Transportation,500384,2011,5,May
2011-05-01,Rail Transportation,261180,2011,5,May
2011-06-01,Commercial Transportation,1807330,2011,6,June
2011-06-01,Personal Transportation,25227767,2011,6,June
2011-06-01,Public Transportation,482984,2011,6,June
2011-06-01,Rail Transportation,258761,2011,6,June
2011-07-01,Commercial Transportation,1614564,2011,7,July
2011-07-01,Personal Transportation,28839182,2011,7,July
2011-07-01,Public Transportation,618056,2011,7,July
2011-07-01,Rail Transportation,269572,2011,7,July
2011-08-01,Commercial Transportation,1735244,2011,8,August
2011-08-01,Personal Transportation,28484007,2011,8,August
2011-08-01,Public Transportation,565417,2011,8,August
2011-08-01,Rail Transportation,277479,2011,8,August
2011-09-01,Commercial Transportation,1711366,2011,9,September
2011-09-01,Personal Transportation,24817979,2011,9,September
2011-09-01,Public Transportation,456314,2011,9,September
2011-09-01,Rail Transportation,264140,2011,9,September
2011-10-01,Commercial Transportation,1720854,2011,10,October
2011-10-01,Personal Transportation,25337897,2011,10,October
2011-10-01,Public Transportation,441278,2011,10,October
2011-10-01,Rail Transportation,262398,2011,10,October
2011-11-01,Commercial Transportation,1700447,2011,11,November
2011-11-01,Personal Transportation,24261930,2011,11,November
2011-11-01,Public Transportation,403766,2011,11,November
2011-11-01,Rail Transportation,249603,2011,11,November
2011-12-01,Commercial Transportation,1504647,2011,12,December
2011-12-01,Personal Transportation,26702958,2011,12,December
2011-12-01,Public Transportation,434496,2011,12,December
2011-12-01,Rail Transportation,249183,2011,12,December
2012-01-01,Commercial Transportation,1721991,2012,1,January
2012-01-01,Personal Transportation,23932118,2012,1,January
2012-01-01,Public Transportation,383940,2012,1,January
2012-01-01,Rail Transportation,244275,2012,1,January
2012-02-01,Commercial Transportation,1721411,2012,2,February
2012-02-01,Personal Transportation,22955258,2012,2,February
2012-02-01,Public Transportation,353713,2012,2,February
2012-02-01,Rail Transportation,254167,2012,2,February
2012-03-01,Commercial Transportation,1867776,2012,3,March
2012-03-01,Personal Transportation,25764340,2012,3,March
2012-03-01,Public Transportation,418113,2012,3,March
2012-03-01,Rail Transportation,277661,2012,3,March
2012-04-01,Commercial Transportation,1749569,2012,4,April
2012-04-01,Personal Transportation,25407164,2012,4,April
2012-04-01,Public Transportation,466279,2012,4,April
2012-04-01,Rail Transportation,273113,2012,4,April
2012-05-01,Commercial Transportation,1911722,2012,5,May
2012-05-01,Personal Transportation,26012851,2012,5,May
2012-05-01,Public Transportation,508578,2012,5,May
2012-05-01,Rail Transportation,275919,2012,5,May
2012-06-01,Commercial Transportation,1801575,2012,6,June
2012-06-01,Personal Transportation,26026997,2012,6,June
2012-06-01,Public Transportation,518854,2012,6,June
2012-06-01,Rail Transportation,290650,2012,6,June
2012-07-01,Commercial Transportation,1735421,2012,7,July
2012-07-01,Personal Transportation,29302629,2012,7,July
2012-07-01,Public Transportation,618067,2012,7,July
2012-07-01,Rail Transportation,294881,2012,7,July
2012-08-01,Commercial Transportation,1848644,2012,8,August
2012-08-01,Personal Transportation,29752650,2012,8,August
2012-08-01,Public Transportation,620337,2012,8,August
2012-08-01,Rail Transportation,299832,2012,8,August
2012-09-01,Commercial Transportation,1676049,2012,9,September
2012-09-01,Personal Transportation,25787233,2012,9,September
2012-09-01,Public Transportation,465003,2012,9,September
2012-09-01,Rail Transportation,275986,2012,9,September
2012-10-01,Commercial Transportation,1848156,2012,10,October
2012-10-01,Personal Transportation,25841598,2012,10,October
2012-10-01,Public Transportation,435176,2012,10,October
2012-10-01,Rail Transportation,280333,2012,10,October
2012-11-01,Commercial Transportation,1789097,2012,11,November
2012-11-01,Personal Transportation,25714204,2012,11,November
2012-11-01,Public Transportation,394543,2012,11,November
2012-11-01,Rail Transportation,263717,2012,11,November
2012-12-01,Commercial Transportation,1514818,2012,12,December
2012-12-01,Personal Transportation,27913370,2012,12,December
2012-12-01,Public Transportation,439874,2012,12,December
2012-12-01,Rail Transportation,254264,2012,12,December
2013-01-01,Commercial Transportation,1783356,2013,1,January
2013-01-01,Personal Transportation,24637261,2013,1,January
2013-01-01,Public Transportation,388499,2013,1,January
2013-01-01,Rail Transportation,258790,2013,1,January
2013-02-01,Commercial Transportation,1679923,2013,2,February
2013-02-01,Personal Transportation,22969633,2013,2,February
2013-02-01,Public Transportation,326512,2013,2,February
2013-02-01,Rail Transportation,250747,2013,2,February
2013-03-01,Commercial Transportation,1776851,2013,3,March
2013-03-01,Personal Transportation,27112838,2013,3,March
2013-03-01,Public Transportation,460462,2013,3,March
2013-03-01,Rail Transportation,289527,2013,3,March
2013-04-01,Commercial Transportation,1898057,2013,4,April
2013-04-01,Personal Transportation,25247056,2013,4,April
2013-04-01,Public Transportation,456708,2013,4,April
2013-04-01,Rail Transportation,273358,2013,4,April
2013-05-01,Commercial Transportation,1897980,2013,5,May
2013-05-01,Personal Transportation,27018307,2013,5,May
2013-05-01,Public Transportation,508042,2013,5,May
2013-05-01,Rail Transportation,292373,2013,5,May
2013-06-01,Commercial Transportation,1753523,2013,6,June
2013-06-01,Personal Transportation,27434732,2013,6,June
2013-06-01,Public Transportation,492221,2013,6,June
2013-06-01,Rail Transportation,300385,2013,6,June
2013-07-01,Commercial Transportation,1781173,2013,7,July
2013-07-01,Personal Transportation,30666217,2013,7,July
2013-07-01,Public Transportation,610885,2013,7,July
2013-07-01,Rail Transportation,305737,2013,7,July
2013-08-01,Commercial Transportation,1810939,2013,8,August
2013-08-01,Personal Transportation,31771835,2013,8,August
2013-08-01,Public Transportation,612578,2013,8,August
2013-08-01,Rail Transportation,317193,2013,8,August
2013-09-01,Commercial Transportation,1758203,2013,9,September
2013-09-01,Personal Transportation,26359057,2013,9,September
2013-09-01,Public Transportation,434866,2013,9,September
2013-09-01,Rail Transportation,296121,2013,9,September
2013-10-01,Commercial Transportation,1915050,2013,10,October
2013-10-01,Personal Transportation,27082101,2013,10,October
2013-10-01,Public Transportation,416207,2013,10,October
2013-10-01,Rail Transportation,308885,2013,10,October
2013-11-01,Commercial Transportation,1749901,2013,11,November
2013-11-01,Personal Transportation,26635441,2013,11,November
2013-11-01,Public Transportation,385808,2013,11,November
2013-11-01,Rail Transportation,289465,2013,11,November
2013-12-01,Commercial Transportation,1526968,2013,12,December
2013-12-01,Personal Transportation,28991192,2013,12,December
2013-12-01,Public Transportation,422464,2013,12,December
2013-12-01,Rail Transportation,263011,2013,12,December
2014-01-01,Commercial Transportation,1801641,2014,1,January
2014-01-01,Personal Transportation,25488509,2014,1,January
2014-01-01,Public Transportation,363907,2014,1,January
2014-01-01,Rail Transportation,265571,2014,1,January
2014-02-01,Commercial Transportation,1733326,2014,2,February
2014-02-01,Personal Transportation,23125045,2014,2,February
2014-02-01,Public Transportation,292872,2014,2,February
2014-02-01,Rail Transportation,254065,2014,2,February
2014-03-01,Commercial Transportation,1915132,2014,3,March
2014-03-01,Personal Transportation,27169114,2014,3,March
2014-03-01,Public Transportation,384649,2014,3,March
2014-03-01,Rail Transportation,293211,2014,3,March
2014-04-01,Commercial Transportation,1865658,2014,4,April
2014-04-01,Personal Transportation,26855653,2014,4,April
2014-04-01,Public Transportation,441181,2014,4,April
2014-04-01,Rail Transportation,290870,2014,4,April
2014-05-01,Commercial Transportation,1949194,2014,5,May
2014-05-01,Personal Transportation,28110058,2014,5,May
2014-05-01,Public Transportation,548039,2014,5,May
2014-05-01,Rail Transportation,326200,2014,5,May
2014-06-01,Commercial Transportation,1886879,2014,6,June
2014-06-01,Personal Transportation,27783765,2014,6,June
2014-06-01,Public Transportation,482123,2014,6,June
2014-06-01,Rail Transportation,320652,2014,6,June
2014-07-01,Commercial Transportation,1892240,2014,7,July
2014-07-01,Personal Transportation,30649410,2014,7,July
2014-07-01,Public Transportation,591722,2014,7,July
2014-07-01,Rail Transportation,330565,2014,7,July
2014-08-01,Commercial Transportation,1812607,2014,8,August
2014-08-01,Personal Transportation,31682622,2014,8,August
2014-08-01,Public Transportation,611481,2014,8,August
2014-08-01,Rail Transportation,334484,2014,8,August
2014-09-01,Commercial Transportation,1886343,2014,9,September
2014-09-01,Personal Transportation,26725010,2014,9,September
2014-09-01,Public Transportation,440091,2014,9,September
2014-09-01,Rail Transportation,310783,2014,9,September
2014-10-01,Commercial Transportation,2009965,2014,10,October
2014-10-01,Personal Transportation,27944426,2014,10,October
2014-10-01,Public Transportation,422321,2014,10,October
2014-10-01,Rail Transportation,302386,2014,10,October
2014-11-01,Commercial Transportation,1766071,2014,11,November
2014-11-01,Personal Transportation,27420251,2014,11,November
2014-11-01,Public Transportation,371334,2014,11,November
2014-11-01,Rail Transportation,277656,2014,11,November
2014-12-01,Commercial Transportation,1661945,2014,12,December
2014-12-01,Personal Transportation,29237910,2014,12,December
2014-12-01,Public Transportation,394485,2014,12,December
2014-12-01,Rail Transportation,290694,2014,12,December
2015-01-01,Commercial Transportation,1821253,2015,1,January
2015-01-01,Personal Transportation,26118207,2015,1,January
2015-01-01,Public Transportation,350097,2015,1,January
2015-01-01,Rail Transportation,290737,2015,1,January
2015-02-01,Commercial Transportation,1723577,2015,2,February
2015-02-01,Personal Transportation,23748180,2015,2,February
2015-02-01,Public Transportation,284473,2015,2,February
2015-02-01,Rail Transportation,267983,2015,2,February
2015-03-01,Commercial Transportation,2039625,2015,3,March
2015-03-01,Personal Transportation,27482623,2015,3,March
2015-03-01,Public Transportation,360975,2015,3,March
2015-03-01,Rail Transportation,315829,2015,3,March
2015-04-01,Commercial Transportation,1944806,2015,4,April
2015-04-01,Personal Transportation,26772386,2015,4,April
2015-04-01,Public Transportation,395644,2015,4,April
2015-04-01,Rail Transportation,304938,2015,4,April
2015-05-01,Commercial Transportation,1930137,2015,5,May
2015-05-01,Personal Transportation,28724380,2015,5,May
2015-05-01,Public Transportation,449578,2015,5,May
2015-05-01,Rail Transportation,319693,2015,5,May
2015-06-01,Commercial Transportation,2003849,2015,6,June
2015-06-01,Personal Transportation,28219180,2015,6,June
2015-06-01,Public Transportation,458412,2015,6,June
2015-06-01,Rail Transportation,308243,2015,6,June
2015-07-01,Commercial Transportation,1914805,2015,7,July
2015-07-01,Personal Transportation,31330176,2015,7,July
2015-07-01,Public Transportation,573362,2015,7,July
2015-07-01,Rail Transportation,315957,2015,7,July
2015-08-01,Commercial Transportation,1875710,2015,8,August
2015-08-01,Personal Transportation,30852869,2015,8,August
2015-08-01,Public Transportation,531085,2015,8,August
2015-08-01,Rail Transportation,328732,2015,8,August
2015-09-01,Commercial Transportation,1927482,2015,9,September
2015-09-01,Personal Transportation,26939380,2015,9,September
2015-09-01,Public Transportation,417535,2015,9,September
2015-09-01,Rail Transportation,299955,2015,9,September
2015-10-01,Commercial Transportation,1964801,2015,10,October
2015-10-01,Personal Transportation,27889745,2015,10,October
2015-10-01,Public Transportation,390019,2015,10,October
2015-10-01,Rail Transportation,305100,2015,10,October
2015-11-01,Commercial Transportation,1858842,2015,11,November
2015-11-01,Personal Transportation,27063041,2015,11,November
2015-11-01,Public Transportation,323622,2015,11,November
2015-11-01,Rail Transportation,279876,2015,11,November
2015-12-01,Commercial Transportation,1722709,2015,12,December
2015-12-01,Personal Transportation,28847689,2015,12,December
2015-12-01,Public Transportation,356997,2015,12,December
2015-12-01,Rail Transportation,275704,2015,12,December
2016-01-01,Commercial Transportation,1856414,2016,1,January
2016-01-01,Personal Transportation,26251443,2016,1,January
2016-01-01,Public Transportation,336611,2016,1,January
2016-01-01,Rail Transportation,280737,2016,1,January
2016-02-01,Commercial Transportation,1910906,2016,2,February
2016-02-01,Personal Transportation,24493484,2016,2,February
2016-02-01,Public Transportation,265500,2016,2,February
2016-02-01,Rail Transportation,276028,2016,2,February
2016-03-01,Commercial Transportation,2017350,2016,3,March
2016-03-01,Personal Transportation,27787540,2016,3,March
2016-03-01,Public Transportation,353718,2016,3,March
2016-03-01,Rail Transportation,294227,2016,3,March
2016-04-01,Commercial Transportation,2017544,2016,4,April
2016-04-01,Personal Transportation,26608646,2016,4,April
2016-04-01,Public Transportation,358786,2016,4,April
2016-04-01,Rail Transportation,287885,2016,4,April
2016-05-01,Commercial Transportation,2041942,2016,5,May
2016-05-01,Personal Transportation,28579199,2016,5,May
2016-05-01,Public Transportation,439071,2016,5,May
2016-05-01,Rail Transportation,304569,2016,5,May
2016-06-01,Commercial Transportation,2002242,2016,6,June
2016-06-01,Personal Transportation,27917265,2016,6,June
2016-06-01,Public Transportation,425661,2016,6,June
2016-06-01,Rail Transportation,290021,2016,6,June
2016-07-01,Commercial Transportation,1759980,2016,7,July
2016-07-01,Personal Transportation,31711320,2016,7,July
2016-07-01,Public Transportation,535019,2016,7,July
2016-07-01,Rail Transportation,307227,2016,7,July
2016-08-01,Commercial Transportation,2056781,2016,8,August
2016-08-01,Personal Transportation,30897985,2016,8,August
2016-08-01,Public Transportation,502722,2016,8,August
2016-08-01,Rail Transportation,330069,2016,8,August
2016-09-01,Commercial Transportation,1956376,2016,9,September
2016-09-01,Personal Transportation,27797307,2016,9,September
2016-09-01,Public Transportation,358539,2016,9,September
2016-09-01,Rail Transportation,302244,2016,9,September
2016-10-01,Commercial Transportation,1997014,2016,10,October
2016-10-01,Personal Transportation,28528914,2016,10,October
2016-10-01,Public Transportation,333992,2016,10,October
2016-10-01,Rail Transportation,298644,2016,10,October
2016-11-01,Commercial Transportation,1972231,2016,11,November
2016-11-01,Personal Transportation,26907768,2016,11,November
2016-11-01,Public Transportation,283612,2016,11,November
2016-11-01,Rail Transportation,290721,2016,11,November
2016-12-01,Commercial Transportation,1792476,2016,12,December
2016-12-01,Personal Transportation,28609436,2016,12,December
2016-12-01,Public Transportation,282000,2016,12,December
2016-12-01,Rail Transportation,275017,2016,12,December
2017-01-01,Commercial Transportation,1943753,2017,1,January
2017-01-01,Personal Transportation,26337304,2017,1,January
2017-01-01,Public Transportation,251515,2017,1,January
2017-01-01,Rail Transportation,294338,2017,1,January
2017-02-01,Commercial Transportation,1857234,2017,2,February
2017-02-01,Personal Transportation,23730480,2017,2,February
2017-02-01,Public Transportation,211332,2017,2,February
2017-02-01,Rail Transportation,282632,2017,2,February
2017-03-01,Commercial Transportation,2133953,2017,3,March
2017-03-01,Personal Transportation,27980360,2017,3,March
2017-03-01,Public Transportation,254503,2017,3,March
2017-03-01,Rail Transportation,318704,2017,3,March
2017-04-01,Commercial Transportation,2382485,2017,4,April
2017-04-01,Personal Transportation,27815852,2017,4,April
2017-04-01,Public Transportation,317142,2017,4,April
2017-04-01,Rail Transportation,318091,2017,4,April
2017-05-01,Commercial Transportation,2429865,2017,5,May
2017-05-01,Personal Transportation,28376566,2017,5,May
2017-05-01,Public Transportation,352087,2017,5,May
2017-05-01,Rail Transportation,338292,2017,5,May
2017-06-01,Commercial Transportation,2090103,2017,6,June
2017-06-01,Personal Transportation,28320121,2017,6,June
2017-06-01,Public Transportation,368508,2017,6,June
2017-06-01,Rail Transportation,338240,2017,6,June
2017-07-01,Commercial Transportation,1894943,2017,7,July
2017-07-01,Personal Transportation,32146110,2017,7,July
2017-07-01,Public Transportation,467276,2017,7,July
2017-07-01,Rail Transportation,340582,2017,7,July
2017-08-01,Commercial Transportation,2088207,2017,8,August
2017-08-01,Personal Transportation,31564220,2017,8,August
2017-08-01,Public Transportation,444851,2017,8,August
2017-08-01,Rail Transportation,347106,2017,8,August
2017-09-01,Commercial Transportation,1950863,2017,9,September
2017-09-01,Personal Transportation,28072853,2017,9,September
2017-09-01,Public Transportation,333033,2017,9,September
2017-09-01,Rail Transportation,325188,2017,9,September
2017-10-01,Commercial Transportation,2091031,2017,10,October
2017-10-01,Personal Transportation,28869680,2017,10,October
2017-10-01,Public Transportation,316457,2017,10,October
2017-10-01,Rail Transportation,336833,2017,10,October
2017-11-01,Commercial Transportation,2018331,2017,11,November
2017-11-01,Personal Transportation,27796732,2017,11,November
2017-11-01,Public Transportation,262964,2017,11,November
2017-11-01,Rail Transportation,319219,2017,11,November
2017-12-01,Commercial Transportation,1767855,2017,12,December
2017-12-01,Personal Transportation,29597136,2017,12,December
2017-12-01,Public Transportation,273179,2017,12,December
2017-12-01,Rail Transportation,303167,2017,12,December
2018-01-01,Commercial Transportation,1991398,2018,1,January
2018-01-01,Personal Transportation,27168839,2018,1,January
2018-01-01,Public Transportation,253802,2018,1,January
2018-01-01,Rail Transportation,302168,2018,1,January
2018-02-01,Commercial Transportation,1885420,2018,2,February
2018-02-01,Personal Transportation,25020134,2018,2,February
2018-02-01,Public Transportation,207775,2018,2,February
2018-02-01,Rail Transportation,286922,2018,2,February
2018-03-01,Commercial Transportation,2085212,2018,3,March
2018-03-01,Personal Transportation,29759322,2018,3,March
2018-03-01,Public Transportation,279778,2018,3,March
2018-03-01,Rail Transportation,334579,2018,3,March
2018-04-01,Commercial Transportation,2097697,2018,4,April
2018-04-01,Personal Transportation,28274410,2018,4,April
2018-04-01,Public Transportation,258096,2018,4,April
2018-04-01,Rail Transportation,319385,2018,4,April
2018-05-01,Commercial Transportation,2180763,2018,5,May
2018-05-01,Personal Transportation,29788814,2018,5,May
2018-05-01,Public Transportation,327597,2018,5,May
2018-05-01,Rail Transportation,349176,2018,5,May
2018-06-01,Commercial Transportation,2063379,2018,6,June
2018-06-01,Personal Transportation,29353402,2018,6,June
2018-06-01,Public Transportation,334043,2018,6,June
2018-06-01,Rail Transportation,354895,2018,6,June
2018-07-01,Commercial Transportation,2011080,2018,7,July
2018-07-01,Personal Transportation,32194698,2018,7,July
2018-07-01,Public Transportation,505295,2018,7,July
2018-07-01,Rail Transportation,345501,2018,7,July
2018-08-01,Commercial Transportation,2141470,2018,8,August
2018-08-01,Personal Transportation,32194621,2018,8,August
2018-08-01,Public Transportation,482842,2018,8,August
2018-08-01,Rail Transportation,351545,2018,8,August
2018-09-01,Commercial Transportation,1961722,2018,9,September
2018-09-01,Personal Transportation,28436736,2018,9,September
2018-09-01,Public Transportation,362134,2018,9,September
2018-09-01,Rail Transportation,345055,2018,9,September
2018-10-01,Commercial Transportation,2208307,2018,10,October
2018-10-01,Personal Transportation,28790947,2018,10,October
2018-10-01,Public Transportation,318035,2018,10,October
2018-10-01,Rail Transportation,352409,2018,10,October
2018-11-01,Commercial Transportation,2039953,2018,11,November
2018-11-01,Personal Transportation,26911569,2018,11,November
2018-11-01,Public Transportation,274628,2018,11,November
2018-11-01,Rail Transportation,334606,2018,11,November
2018-12-01,Commercial Transportation,1763102,2018,12,December
2018-12-01,Personal Transportation,28939459,2018,12,December
2018-12-01,Public Transportation,271791,2018,12,December
2018-12-01,Rail Transportation,342646,2018,12,December
2019-01-01,Commercial Transportation,2042421,2019,1,January
2019-01-01,Personal Transportation,26645928,2019,1,January
2019-01-01,Public Transportation,287021,2019,1,January
2019-01-01,Rail Transportation,313149,2019,1,January
2019-02-01,Commercial Transportation,1899891,2019,2,February
2019-02-01,Personal Transportation,23691613,2019,2,February
2019-02-01,Public Transportation,216646,2019,2,February
2019-02-01,Rail Transportation,264169,2019,2,February
2019-03-01,Commercial Transportation,2119392,2019,3,March
2019-03-01,Personal Transportation,28251675,2019,3,March
2019-03-01,Public Transportation,284166,2019,3,March
2019-03-01,Rail Transportation,332328,2019,3,March
2019-04-01,Commercial Transportation,2026553,2019,4,April
2019-04-01,Personal Transportation,26341092,2019,4,April
2019-04-01,Public Transportation,333726,2019,4,April
2019-04-01,Rail Transportation,328546,2019,4,April
2019-05-01,Commercial Transportation,2186132,2019,5,May
2019-05-01,Personal Transportation,27953693,2019,5,May
2019-05-01,Public Transportation,383395,2019,5,May
2019-05-01,Rail Transportation,353108,2019,5,May
2019-06-01,Commercial Transportation,2054814,2019,6,June
2019-06-01,Personal Transportation,29954065,2019,6,June
2019-06-01,Public Transportation,400782,2019,6,June
2019-06-01,Rail Transportation,358258,2019,6,June
2019-07-01,Commercial Transportation,2079030,2019,7,July
2019-07-01,Personal Transportation,31031661,2019,7,July
2019-07-01,Public Transportation,489471,2019,7,July
2019-07-01,Rail Transportation,378811,2019,7,July
2019-08-01,Commercial Transportation,2092834,2019,8,August
2019-08-01,Personal Transportation,31382178,2019,8,August
2019-08-01,Public Transportation,504866,2019,8,August
2019-08-01,Rail Transportation,382186,2019,8,August
2019-09-01,Commercial Transportation,2014863,2019,9,September
2019-09-01,Personal Transportation,27871285,2019,9,September
2019-09-01,Public Transportation,340336,2019,9,September
2019-09-01,Rail Transportation,348064,2019,9,September
2019-10-01,Commercial Transportation,2175502,2019,10,October
2019-10-01,Personal Transportation,28188384,2019,10,October
2019-10-01,Public Transportation,311104,2019,10,October
2019-10-01,Rail Transportation,337155,2019,10,October
2019-11-01,Commercial Transportation,1967533,2019,11,November
2019-11-01,Personal Transportation,27033392,2019,11,November
2019-11-01,Public Transportation,255165,2019,11,November
2019-11-01,Rail Transportation,325404,2019,11,November
2019-12-01,Commercial Transportation,1809616,2019,12,December
2019-12-01,Personal Transportation,29238663,2019,12,December
2019-12-01,Public Transportation,287833,2019,12,December
2019-12-01,Rail Transportation,332116,2019,12,December
2020-01-01,Commercial Transportation,2004300,2020,1,January
2020-01-01,Personal Transportation,26239526,2020,1,January
2020-01-01,Public Transportation,269554,2020,1,January
2020-01-01,Rail Transportation,315836,2020,1,January
2020-02-01,Commercial Transportation,1929512,2020,2,February
2020-02-01,Personal Transportation,24726262,2020,2,February
2020-02-01,Public Transportation,230909,2020,2,February
2020-02-01,Rail Transportation,299646,2020,2,February
2020-03-01,Commercial Transportation,2042137,2020,3,March
2020-03-01,Personal Transportation,18301618,2020,3,March
2020-03-01,Public Transportation,159735,2020,3,March
2020-03-01,Rail Transportation,335468,2020,3,March
2020-04-01,Commercial Transportation,1443295,2020,4,April
2020-04-01,Personal Transportation,7358089,2020,4,April
2020-04-01,Public Transportation,38127,2020,4,April
2020-04-01,Rail Transportation,260564,2020,4,April
2020-05-01,Commercial Transportation,1543227,2020,5,May
2020-05-01,Personal Transportation,10064678,2020,5,May
2020-05-01,Public Transportation,54640,2020,5,May
2020-05-01,Rail Transportation,236395,2020,5,May
2020-06-01,Commercial Transportation,1950170,2020,6,June
2020-06-01,Personal Transportation,11317408,2020,6,June
2020-06-01,Public Transportation,57921,2020,6,June
2020-06-01,Rail Transportation,254274,2020,6,June
2020-07-01,Commercial Transportation,2012014,2020,7,July
2020-07-01,Personal Transportation,11643547,2020,7,July
2020-07-01,Public Transportation,64344,2020,7,July
2020-07-01,Rail Transportation,281434,2020,7,July
2020-08-01,Commercial Transportation,2040712,2020,8,August
2020-08-01,Personal Transportation,12155888,2020,8,August
2020-08-01,Public Transportation,87652,2020,8,August
2020-08-01,Rail Transportation,311118,2020,8,August
2020-09-01,Commercial Transportation,2084219,2020,9,September
2020-09-01,Personal Transportation,11797956,2020,9,September
2020-09-01,Public Transportation,75226,2020,9,September
2020-09-01,Rail Transportation,309642,2020,9,September
2020-10-01,Commercial Transportation,2171193,2020,10,October
2020-10-01,Personal Transportation,13253687,2020,10,October
2020-10-01,Public Transportation,76594,2020,10,October
2020-10-01,Rail Transportation,320708,2020,10,October
2020-11-01,Commercial Transportation,2042229,2020,11,November
2020-11-01,Personal Transportation,12692005,2020,11,November
2020-11-01,Public Transportation,72729,2020,11,November
2020-11-01,Rail Transportation,308673,2020,11,November
2020-12-01,Commercial Transportation,1946065,2020,12,December
2020-12-01,Personal Transportation,12976079,2020,12,December
2020-12-01,Public Transportation,65067,2020,12,December
2020-12-01,Rail Transportation,309644,2020,12,December
2021-01-01,Commercial Transportation,2016150,2021,1,January
2021-01-01,Personal Transportation,13471661,2021,1,January
2021-01-01,Public Transportation,106959,2021,1,January
2021-01-01,Rail Transportation,312125,2021,1,January
2021-02-01,Commercial Transportation,1892717,2021,2,February
2021-02-01,Personal Transportation,12330332,2021,2,February
2021-02-01,Public Transportation,65836,2021,2,February
2021-02-01,Rail Transportation,267106,2021,2,February
2021-03-01,Commercial Transportation,2280077,2021,3,March
2021-03-01,Personal Transportation,15165706,2021,3,March
2021-03-01,Public Transportation,106509,2021,3,March
2021-03-01,Rail Transportation,326794,2021,3,March
2021-04-01,Commercial Transportation,2110128,2021,4,April
2021-04-01,Personal Transportation,14930251,2021,4,April
2021-04-01,Public Transportation,138534,2021,4,April
2021-04-01,Rail Transportation,311625,2021,4,April
2021-05-01,Commercial Transportation,2098177,2021,5,May
2021-05-01,Personal Transportation,15631265,2021,5,May
2021-05-01,Public Transportation,108969,2021,5,May
2021-05-01,Rail Transportation,309765,2021,5,May
2021-06-01,Commercial Transportation,2199279,2021,6,June
2021-06-01,Personal Transportation,15661676,2021,6,June
2021-06-01,Public Transportation,121925,2021,6,June
2021-06-01,Rail Transportation,287404,2021,6,June
2021-07-01,Commercial Transportation,2081232,2021,7,July
2021-07-01,Personal Transportation,16003030,2021,7,July
2021-07-01,Public Transportation,168150,2021,7,July
2021-07-01,Rail Transportation,299042,2021,7,July
2021-08-01,Commercial Transportation,2166884,2021,8,August
2021-08-01,Personal Transportation,16853100,2021,8,August
2021-08-01,Public Transportation,155446,2021,8,August
2021-08-01,Rail Transportation,308979,2021,8,August
2021-09-01,Commercial Transportation,2102227,2021,9,September
2021-09-01,Personal Transportation,16350597,2021,9,September
2021-09-01,Public Transportation,99818,2021,9,September
2021-09-01,Rail Transportation,286928,2021,9,September
2021-10-01,Commercial Transportation,2181699,2021,10,October
2021-10-01,Personal Transportation,17149787,2021,10,October
2021-10-01,Public Transportation,108540,2021,10,October
2021-10-01,Rail Transportation,326757,2021,10,October
2021-11-01,Commercial Transportation,1978942,2021,11,November
2021-11-01,Personal Transportation,18812403,2021,11,November
2021-11-01,Public Transportation,138581,2021,11,November
2021-11-01,Rail Transportation,305031,2021,11,November
2021-12-01,Commercial Transportation,2026081,2021,12,December
2021-12-01,Personal Transportation,21542710,2021,12,December
2021-12-01,Public Transportation,165717,2021,12,December
2021-12-01,Rail Transportation,296461,2021,12,December
2022-01-01,Commercial Transportation,2011766,2022,1,January
2022-01-01,Personal Transportation,19509241,2022,1,January
2022-01-01,Public Transportation,183942,2022,1,January
2022-01-01,Rail Transportation,293892,2022,1,January
2022-02-01,Commercial Transportation,1913827,2022,2,February
2022-02-01,Personal Transportation,18556811,2022,2,February
2022-02-01,Public Transportation,142124,2022,2,February
2022-02-01,Rail Transportation,286921,2022,2,February
2022-03-01,Commercial Transportation,2285385,2022,3,March
2022-03-01,Personal Transportation,21606288,2022,3,March
2022-03-01,Public Transportation,201977,2022,3,March
2022-03-01,Rail Transportation,339755,2022,3,March
2022-04-01,Commercial Transportation,2012535,2022,4,April
2022-04-01,Personal Transportation,22755507,2022,4,April
2022-04-01,Public Transportation,223593,2022,4,April
2022-04-01,Rail Transportation,323449,2022,4,April
2022-05-01,Commercial Transportation,2065371,2022,5,May
2022-05-01,Personal Transportation,23662988,2022,5,May
2022-05-01,Public Transportation,165350,2022,5,May
2022-05-01,Rail Transportation,324083,2022,5,May
2022-06-01,Commercial Transportation,2245849,2022,6,June
2022-06-01,Personal Transportation,23239831,2022,6,June
2022-06-01,Public Transportation,143907,2022,6,June
2022-06-01,Rail Transportation,317669,2022,6,June
2022-07-01,Commercial Transportation,2074979,2022,7,July
2022-07-01,Personal Transportation,25955962,2022,7,July
2022-07-01,Public Transportation,287035,2022,7,July
2022-07-01,Rail Transportation,303856,2022,7,July
2022-08-01,Commercial Transportation,2288328,2022,8,August
2022-08-01,Personal Transportation,25392481,2022,8,August
2022-08-01,Public Transportation,281423,2022,8,August
2022-08-01,Rail Transportation,321673,2022,8,August
2022-09-01,Commercial Transportation,2158678,2022,9,September
2022-09-01,Personal Transportation,23756775,2022,9,September
2022-09-01,Public Transportation,204815,2022,9,September
2022-09-01,Rail Transportation,297349,2022,9,September
2022-10-01,Commercial Transportation,2222193,2022,10,October
2022-10-01,Personal Transportation,24946198,2022,10,October
2022-10-01,Public Transportation,192609,2022,10,October
2022-10-01,Rail Transportation,319008,2022,10,October
2022-11-01,Commercial Transportation,2149164,2022,11,November
2022-11-01,Personal Transportation,24189852,2022,11,November
2022-11-01,Public Transportation,193794,2022,11,November
2022-11-01,Rail Transportation,306790,2022,11,November
2022-12-01,Commercial Transportation,1958869,2022,12,December
2022-12-01,Personal Transportation,25375432,2022,12,December
2022-12-01,Public Transportation,203618,2022,12,December
2022-12-01,Rail Transportation,288569,2022,12,December
2023-01-01,Commercial Transportation,2137696,2023,1,January
2023-01-01,Personal Transportation,24197840,2023,1,January
2023-01-01,Public Transportation,256801,2023,1,January
2023-01-01,Rail Transportation,308313,2023,1,January
2023-02-01,Commercial Transportation,2034042,2023,2,February
2023-02-01,Personal Transportation,22053123,2023,2,February
2023-02-01,Public Transportation,166941,2023,2,February
2023-02-01,Rail Transportation,284276,2023,2,February
2023-03-01,Commercial Transportation,2353672,2023,3,March
2023-03-01,Personal Transportation,25276395,2023,3,March
2023-03-01,Public Transportation,311147,2023,3,March
2023-03-01,Rail Transportation,316200,2023,3,March
2023-04-01,Commercial Transportation,2073681,2023,4,April
2023-04-01,Personal Transportation,25440168,2023,4,April
2023-04-01,Public Transportation,248907,2023,4,April
2023-04-01,Rail Transportation,322616,2023,4,April
2023-05-01,Commercial Transportation,2357360,2023,5,May
2023-05-01,Personal Transportation,26005024,2023,5,May
2023-05-01,Public Transportation,628130,2023,5,May
2023-05-01,Rail Transportation,340676,2023,5,May
2023-06-01,Commercial Transportation,2283478,2023,6,June
2023-06-01,Personal Transportation,25995386,2023,6,June
2023-06-01,Public Transportation,271877,2023,6,June
2023-06-01,Rail Transportation,320560,2023,6,June
2023-07-01,Commercial Transportation,2571636,2023,7,July
2023-07-01,Personal Transportation,29307803,2023,7,July
2023-07-01,Public Transportation,366946,2023,7,July
2023-07-01,Rail Transportation,301031,2023,7,July
2023-08-01,Commercial Transportation,2740168,2023,8,August
2023-08-01,Personal Transportation,28875077,2023,8,August
2023-08-01,Public Transportation,351277,2023,8,August
2023-08-01,Rail Transportation,340833,2023,8,August
2023-09-01,Commercial Transportation,2566283,2023,9,September
2023-09-01,Personal Transportation,25816646,2023,9,September
2023-09-01,Public Transportation,284490,2023,9,September
2023-09-01,Rail Transportation,308626,2023,9,September
2023-10-01,Commercial Transportation,2747981,2023,10,October
2023-10-01,Personal Transportation,26151579,2023,10,October
2023-10-01,Public Transportation,208050,2023,10,October
2023-10-01,Rail Transportation,326522,2023,10,October
2023-11-01,Commercial Transportation,2630766,2023,11,November
2023-11-01,Personal Transportation,25783621,2023,11,November
2023-11-01,Public Transportation,210741,2023,11,November
2023-11-01,Rail Transportation,306843,2023,11,November
2023-12-01,Commercial Transportation,2322017,2023,12,December
2023-12-01,Personal Transportation,26781602,2023,12,December
2023-12-01,Public Transportation,273813,2023,12,December
2023-12-01,Rail Transportation,331370,2023,12,December
2024-01-01,Commercial Transportation,2871498,2024,1,January
2024-01-01,Personal Transportation,23340758,2024,1,January
2024-01-01,Public Transportation,207606,2024,1,January
2024-01-01,Rail Transportation,332894,2024,1,January
2024-02-01,Commercial Transportation,2875168,2024,2,February
2024-02-01,Personal Transportation,23799900,2024,2,February
2024-02-01,Public Transportation,188724,2024,2,February
2024-02-01,Rail Transportation,314994,2024,2,February
2024-03-01,Commercial Transportation,2955465,2024,3,March
2024-03-01,Personal Transportation,26828945,2024,3,March
2024-03-01,Public Transportation,243178,2024,3,March
2024-03-01,Rail Transportation,343057,2024,3,March
2024-04-01,Commercial Transportation,3132285,2024,4,April
2024-04-01,Personal Transportation,25960736,2024,4,April
2024-04-01,Public Transportation,258695,2024,4,April
2024-04-01,Rail Transportation,331566,2024,4,April
2024-05-01,Commercial Transportation,3136408,2024,5,May
2024-05-01,Personal Transportation,27304708,2024,5,May
2024-05-01,Public Transportation,324815,2024,5,May
2024-05-01,Rail Transportation,360795,2024,5,May
2024-06-01,Commercial Transportation,2930556,2024,6,June
2024-06-01,Personal Transportation,27075602,2024,6,June
2024-06-01,Public Transportation,323432,2024,6,June
2024-06-01,Rail Transportation,337162,2024,6,June
2024-07-01,Commercial Transportation,2998370,2024,7,July
2024-07-01,Personal Transportation,29513305,2024,7,July
2024-07-01,Public Transportation,403326,2024,7,July
2024-07-01,Rail Transportation,347264,2024,7,July
2024-08-01,Commercial Transportation,3020310,2024,8,August
2024-08-01,Personal Transportation,29916408,2024,8,August
2024-08-01,Public Transportation,371371,2024,8,August
2024-08-01,Rail Transportation,333706,2024,8,August
2024-09-01,Commercial Transportation,2894078,2024,9,September
2024-09-01,Personal Transportation,27201365,2024,9,September
2024-09-01,Public Transportation,286487,2024,9,September
2024-09-01,Rail Transportation,320621,2024,9,September
2024-10-01,Commercial Transportation,3158870,2024,10,October
2024-10-01,Personal Transportation,27619612,2024,10,October
2024-10-01,Public Transportation,251092,2024,10,October
2024-10-01,Rail Transportation,329314,2024,10,October
2024-11-01,Commercial Transportation,2864736,2024,11,November
2024-11-01,Personal Transportation,26624876,2024,11,November
2024-11-01,Public Transportation,241750,2024,11,November
2024-11-01,Rail Transportation,304990,2024,11,November
2024-12-01,Commercial Transportation,2634363,2024,12,December
2024-12-01,Personal Transportation,28431320,2024,12,December
2024-12-01,Public Transportation,371366,2024,12,December
2024-12-01,Rail Transportation,305611,2024,12,December
2025-01-01,Commercial Transportation,2955520,2025,1,January
2025-01-01,Personal Transportation,25388449,2025,1,January
2025-01-01,Public Transportation,259203,2025,1,January
2025-01-01,Rail Transportation,310745,2025,1,January
2025-02-01,Commercial Transportation,2756047,2025,2,February
2025-02-01,Personal Transportation,22353495,2025,2,February
2025-02-01,Public Transportation,195070,2025,2,February
2025-02-01,Rail Transportation,265296,2025,2,February
2025-03-01,Commercial Transportation,3118324,2025,3,March
2025-03-01,Personal Transportation,24675335,2025,3,March
2025-03-01,Public Transportation,222101,2025,3,March
2025-03-01,Rail Transportation,350600,2025,3,March
2025-04-01,Commercial Transportation,2863350,2025,4,April
2025-04-01,Personal Transportation,24686517,2025,4,April
2025-04-01,Public Transportation,255692,2025,4,April
2025-04-01,Rail Transportation,329108,2025,4,April
2025-05-01,Commercial Transportation,1411190,2025,5,May
2025-05-01,Personal Transportation,25715193,2025,5,May
2025-05-01,Public Transportation,278287,2025,5,May
2025-05-01,Rail Transportation,349005,2025,5,May
