Rank,Port Name,State,Border,Total_Crossings,Avg_Monthly_Crossings,Month_Count,First_Record,Last_Record
1,San Ysidro,California,Mexico,880806527,793519.0,1110,2000-01-01,2025-05-01
2,El Paso,Texas,Mexico,718651967,613708.0,1171,2000-01-01,2025-05-01
3,Laredo,Texas,Mexico,409967931,368676.0,1112,2000-01-01,2025-05-01
4,Calexico,California,Mexico,352360198,349564.0,1008,2000-01-01,2025-05-01
5,Hidalgo,Texas,Mexico,351799716,315799.0,1114,2000-01-01,2025-05-01
6,Brownsville,Texas,Mexico,346770428,312125.0,1111,2000-01-01,2025-05-01
7,Otay Mesa,California,Mexico,323480528,279586.0,1157,2000-01-01,2025-05-01
8,Buffalo Niagara Falls,New York,Canada,314334704,259996.0,1209,2000-01-01,2025-05-01
9,Nogales,Arizona,Mexico,302510220,255931.0,1182,2000-01-01,2025-05-01
10,Detroit,Michigan,Canada,220665836,201154.0,1097,2000-01-01,2025-05-01
11,San Luis,Arizona,Mexico,202084474,183213.0,1103,2000-01-01,2025-05-01
12,Eagle Pass,Texas,Mexico,184174275,165624.0,1112,2000-01-01,2025-05-01
13,Blaine,Washington,Canada,168522104,153761.0,1096,2000-01-01,2025-05-01
14,Calexico East,California,Mexico,157396870,132044.0,1192,2000-01-01,2025-05-01
15,Douglas,Arizona,Mexico,114015434,102995.0,1107,2000-01-01,2025-05-01
16,Progreso,Texas,Mexico,90025786,89757.0,1003,2000-01-01,2025-05-01
17,Del Rio,Texas,Mexico,86904418,86129.0,1009,2000-01-01,2025-05-01
18,Port Huron,Michigan,Canada,85466506,76858.0,1112,2000-01-01,2025-05-01
19,Champlain Rouses Point,New York,Canada,67364892,56467.0,1193,2000-01-01,2025-05-01
20,Tecate,California,Mexico,63957986,63013.0,1015,2000-01-01,2025-05-01
21,Roma,Texas,Mexico,57840192,52155.0,1109,2000-01-01,2025-05-01
22,Andrade,California,Mexico,56422613,56030.0,1007,2000-01-01,2025-05-01
23,Massena,New York,Canada,43669516,39556.0,1104,2000-01-01,2025-05-01
24,Presidio,Texas,Mexico,40983531,36790.0,1114,2000-01-01,2025-05-01
25,Sault Sainte Marie,Michigan,Canada,39177447,35455.0,1105,2000-01-01,2025-05-01
26,Calais,Maine,Canada,38951786,33871.0,1150,2000-01-01,2025-05-01
27,Sumas,Washington,Canada,37648524,31531.0,1194,2000-01-01,2025-05-01
28,Rio Grande City,Texas,Mexico,36052629,35802.0,1007,2000-01-01,2025-05-01
29,Alexandria Bay,New York,Canada,34466755,34956.0,986,2000-01-01,2025-05-01
30,Point Roberts,Washington,Canada,33570071,30574.0,1098,2000-01-01,2025-05-01
31,Ysleta,Texas,Mexico,33067021,275559.0,120,2020-03-01,2025-05-01
32,Santa Teresa,New Mexico,Mexico,28569406,25902.0,1103,2000-01-01,2025-05-01
33,Columbus,New Mexico,Mexico,27513082,25594.0,1075,2000-01-01,2025-05-01
34,Derby Line,Vermont,Canada,27491446,26333.0,1044,2000-01-01,2025-05-01
35,Kenneth G Ward,Washington,Canada,27413287,26133.0,1049,2000-01-01,2025-05-01
36,Tornillo,Texas,Mexico,26879935,26667.0,1008,2000-01-01,2025-05-01
37,Lukeville,Arizona,Mexico,26689216,23958.0,1114,2000-01-01,2025-05-01
38,Highgate Springs,Vermont,Canada,25377599,23155.0,1096,2000-01-01,2025-05-01
39,International Falls,Minnesota,Canada,21164056,17681.0,1197,2000-01-01,2025-05-01
40,Naco,Arizona,Mexico,20957105,20386.0,1028,2000-01-01,2025-05-01
41,Madawaska,Maine,Canada,19171724,18506.0,1036,2000-01-01,2025-05-01
42,Pembina,North Dakota,Canada,16105331,14628.0,1101,2000-01-01,2025-05-01
43,Houlton,Maine,Canada,13829347,13221.0,1046,2000-01-01,2025-05-01
44,Ogdensburg,New York,Canada,13747691,14000.0,982,2000-01-01,2025-05-01
45,Cross Border Xpress,California,Mexico,13177068,143229.0,92,2017-10-01,2025-05-01
46,Sweetgrass,Montana,Canada,12411878,11132.0,1115,2000-01-01,2025-05-01
47,Grand Portage,Minnesota,Canada,11621357,11239.0,1034,2000-01-01,2025-05-01
48,Oroville,Washington,Canada,10484430,9690.0,1082,2000-01-01,2025-05-01
49,Van Buren,Maine,Canada,8678281,8103.0,1071,2000-01-01,2025-05-01
50,Baudette,Minnesota,Canada,8056887,7474.0,1078,2000-01-01,2025-05-01
51,Jackman,Maine,Canada,7800578,6628.0,1177,2000-01-01,2025-05-01
52,Skagway,Alaska,Canada,7376370,7005.0,1053,2000-01-01,2025-05-01
53,Trout River,New York,Canada,7348733,7093.0,1036,2000-01-01,2025-05-01
54,Fort Kent,Maine,Canada,7313234,7052.0,1037,2000-01-01,2025-05-01
55,Piegan,Montana,Canada,6425880,6645.0,967,2000-01-01,2025-05-01
56,Roosville,Montana,Canada,6387875,6226.0,1026,2000-01-01,2025-05-01
57,Fort Fairfield,Maine,Canada,6024085,6375.0,945,2000-01-01,2025-05-01
58,Warroad,Minnesota,Canada,5725588,5608.0,1021,2000-01-01,2025-05-01
59,Porthill,Idaho,Canada,5330828,5211.0,1023,2000-01-01,2025-05-01
60,Eastport,Maine,Canada,5090914,5607.0,908,2003-01-01,2025-05-01
61,Eastport,Idaho,Canada,4972023,4439.0,1120,2000-01-01,2025-05-01
62,Richford,Vermont,Canada,4911758,4687.0,1048,2000-01-01,2025-05-01
63,Portal,North Dakota,Canada,4500215,3760.0,1197,2000-01-01,2025-05-01
64,Dunseith,North Dakota,Canada,3244135,3348.0,969,2000-01-01,2025-05-01
65,Beecher Falls,Vermont,Canada,3083547,3352.0,920,2000-01-01,2025-05-01
66,Alcan,Alaska,Canada,2579043,2651.0,973,2000-01-01,2025-05-01
67,Bridgewater,Maine,Canada,2519338,2638.0,955,2000-01-01,2025-05-01
68,Port Angeles,Washington,Canada,2435375,3098.0,786,2003-01-01,2025-05-01
69,Norton,Vermont,Canada,2425216,2375.0,1021,2000-01-01,2025-05-01
70,Laurier,Washington,Canada,2072025,1938.0,1069,2000-01-01,2025-05-01
71,Frontier,Washington,Canada,2013269,1936.0,1040,2000-01-01,2025-05-01
72,Boundary,Washington,Canada,1816538,1707.0,1064,2000-01-01,2025-05-01
73,Danville,Washington,Canada,1801202,1914.0,941,2000-01-01,2025-05-01
74,Neche,North Dakota,Canada,1767607,1942.0,910,2000-01-01,2025-05-01
75,Vanceboro,Maine,Canada,1752871,1654.0,1060,2000-01-01,2025-05-01
76,Roseau,Minnesota,Canada,1721640,1853.0,929,2000-01-01,2025-05-01
77,Walhalla,North Dakota,Canada,1654178,1794.0,922,2000-01-01,2025-05-01
78,Lancaster,Minnesota,Canada,1598092,2036.0,785,2003-01-01,2025-05-01
79,Sasabe,Arizona,Mexico,1572551,1549.0,1015,2000-01-01,2025-05-01
80,Limestone,Maine,Canada,1437678,1571.0,915,2000-01-01,2025-05-01
81,Metaline Falls,Washington,Canada,1361287,1284.0,1060,2000-01-01,2025-05-01
82,Raymond,Montana,Canada,1338371,1277.0,1048,2000-01-01,2025-05-01
83,Noonan,North Dakota,Canada,1219522,1327.0,919,2000-01-01,2025-05-01
84,Anacortes,Washington,Canada,1213877,1727.0,703,2003-01-01,2019-12-01
85,Del Bonita,Montana,Canada,1109261,1164.0,953,2000-01-01,2025-05-01
86,St John,North Dakota,Canada,923530,996.0,927,2000-01-01,2025-05-01
87,Dalton Cache,Alaska,Canada,895315,927.0,966,2000-01-01,2025-05-01
88,Northgate,North Dakota,Canada,807888,734.0,1100,2000-01-01,2025-05-01
89,Sherwood,North Dakota,Canada,739795,785.0,943,2000-01-01,2025-05-01
90,Wildhorse,Montana,Canada,609421,782.0,779,2003-01-01,2025-05-01
91,Carbury,North Dakota,Canada,588942,638.0,923,2000-01-01,2025-05-01
92,Fortuna,North Dakota,Canada,529139,568.0,931,2000-01-01,2025-05-01
93,Maida,North Dakota,Canada,520197,569.0,914,2000-01-01,2025-05-01
94,Westhope,North Dakota,Canada,491661,544.0,904,2000-01-01,2025-05-01
95,Portland,Maine,Canada,490820,725.0,677,2000-01-01,2018-10-01
96,Antler,North Dakota,Canada,469919,519.0,906,2000-01-01,2025-05-01
97,Hansboro,North Dakota,Canada,463589,494.0,939,2000-01-01,2025-05-01
98,Ferry,Washington,Canada,452535,491.0,921,2000-01-01,2025-05-01
99,Noyes,Minnesota,Canada,441259,1149.0,384,2000-01-01,2010-12-01
100,Turner,Montana,Canada,363130,358.0,1014,2000-01-01,2025-05-01
101,Nighthawk,Washington,Canada,313290,330.0,950,2000-01-01,2025-05-01
102,Morgan,Montana,Canada,290693,314.0,926,2000-01-01,2025-05-01
103,Cape Vincent,New York,Canada,260385,646.0,403,2007-05-01,2024-10-01
104,Scobey,Montana,Canada,251291,276.0,911,2000-01-01,2025-05-01
105,Bar Harbor,Maine,Canada,247084,659.0,375,2003-06-01,2025-05-01
106,Sarles,North Dakota,Canada,241769,253.0,955,2000-01-01,2025-05-01
107,Pinecreek,Minnesota,Canada,225189,250.0,902,2000-01-01,2025-05-01
108,Algonac,Michigan,Canada,223701,5456.0,41,2020-01-01,2025-05-01
109,Opheim,Montana,Canada,161728,174.0,932,2000-01-01,2025-05-01
110,Friday Harbor,Washington,Canada,137203,213.0,643,2004-01-01,2019-12-01
111,Hannah,North Dakota,Canada,137158,152.0,902,2000-01-01,2025-05-01
112,Boquillas,Texas,Mexico,127330,849.0,150,2015-01-01,2025-05-01
113,Willow Creek,Montana,Canada,125695,188.0,668,2005-01-01,2025-05-01
114,Ketchikan,Alaska,Canada,120521,171.0,705,2004-01-01,2023-01-01
115,Ambrose,North Dakota,Canada,84704,94.0,904,2000-01-01,2025-05-01
116,Whitetail,Montana,Canada,58682,87.0,672,2000-01-01,2013-12-01
117,Whitlash,Montana,Canada,34997,38.0,925,2000-01-01,2025-05-01
